ISO-10303-21;
HEADER;
FILE_DESCRIPTION((''),'2;1');
FILE_NAME('120001','2026-06-08T11:07:21',('g'),(''),
'CREO PARAMETRIC BY PTC INC, 2022073','CREO PARAMETRIC BY PTC INC, 2022073','');
FILE_SCHEMA(('CONFIG_CONTROL_DESIGN'));
ENDSEC;
DATA;
#1=CARTESIAN_POINT('',(-1.25E1,0.E0,-2.5E1));
#2=DIRECTION('',(0.E0,1.E0,0.E0));
#3=DIRECTION('',(1.E0,0.E0,0.E0));
#4=AXIS2_PLACEMENT_3D('',#1,#2,#3);
#6=CARTESIAN_POINT('',(-1.25E1,0.E0,-2.5E1));
#7=DIRECTION('',(0.E0,1.E0,0.E0));
#8=DIRECTION('',(-1.E0,0.E0,0.E0));
#9=AXIS2_PLACEMENT_3D('',#6,#7,#8);
#11=CARTESIAN_POINT('',(1.25E1,0.E0,-2.5E1));
#12=DIRECTION('',(0.E0,1.E0,0.E0));
#13=DIRECTION('',(1.E0,0.E0,0.E0));
#14=AXIS2_PLACEMENT_3D('',#11,#12,#13);
#16=CARTESIAN_POINT('',(1.25E1,0.E0,-2.5E1));
#17=DIRECTION('',(0.E0,1.E0,0.E0));
#18=DIRECTION('',(-1.E0,0.E0,0.E0));
#19=AXIS2_PLACEMENT_3D('',#16,#17,#18);
#21=CARTESIAN_POINT('',(1.25E1,0.E0,2.5E1));
#22=DIRECTION('',(0.E0,1.E0,0.E0));
#23=DIRECTION('',(1.E0,0.E0,0.E0));
#24=AXIS2_PLACEMENT_3D('',#21,#22,#23);
#26=CARTESIAN_POINT('',(1.25E1,0.E0,2.5E1));
#27=DIRECTION('',(0.E0,1.E0,0.E0));
#28=DIRECTION('',(-1.E0,0.E0,0.E0));
#29=AXIS2_PLACEMENT_3D('',#26,#27,#28);
#31=CARTESIAN_POINT('',(-1.25E1,0.E0,2.5E1));
#32=DIRECTION('',(0.E0,1.E0,0.E0));
#33=DIRECTION('',(1.E0,0.E0,0.E0));
#34=AXIS2_PLACEMENT_3D('',#31,#32,#33);
#36=CARTESIAN_POINT('',(-1.25E1,0.E0,2.5E1));
#37=DIRECTION('',(0.E0,1.E0,0.E0));
#38=DIRECTION('',(-1.E0,0.E0,0.E0));
#39=AXIS2_PLACEMENT_3D('',#36,#37,#38);
#41=CARTESIAN_POINT('',(-2.5E1,0.E0,-1.25E1));
#42=DIRECTION('',(0.E0,1.E0,0.E0));
#43=DIRECTION('',(1.E0,0.E0,0.E0));
#44=AXIS2_PLACEMENT_3D('',#41,#42,#43);
#46=CARTESIAN_POINT('',(-2.5E1,0.E0,-1.25E1));
#47=DIRECTION('',(0.E0,1.E0,0.E0));
#48=DIRECTION('',(-1.E0,0.E0,0.E0));
#49=AXIS2_PLACEMENT_3D('',#46,#47,#48);
#51=CARTESIAN_POINT('',(-2.5E1,0.E0,1.25E1));
#52=DIRECTION('',(0.E0,1.E0,0.E0));
#53=DIRECTION('',(1.E0,0.E0,0.E0));
#54=AXIS2_PLACEMENT_3D('',#51,#52,#53);
#56=CARTESIAN_POINT('',(-2.5E1,0.E0,1.25E1));
#57=DIRECTION('',(0.E0,1.E0,0.E0));
#58=DIRECTION('',(-1.E0,0.E0,0.E0));
#59=AXIS2_PLACEMENT_3D('',#56,#57,#58);
#61=CARTESIAN_POINT('',(2.5E1,0.E0,1.25E1));
#62=DIRECTION('',(0.E0,1.E0,0.E0));
#63=DIRECTION('',(1.E0,0.E0,0.E0));
#64=AXIS2_PLACEMENT_3D('',#61,#62,#63);
#66=CARTESIAN_POINT('',(2.5E1,0.E0,1.25E1));
#67=DIRECTION('',(0.E0,1.E0,0.E0));
#68=DIRECTION('',(-1.E0,0.E0,0.E0));
#69=AXIS2_PLACEMENT_3D('',#66,#67,#68);
#71=CARTESIAN_POINT('',(2.5E1,0.E0,-1.25E1));
#72=DIRECTION('',(0.E0,1.E0,0.E0));
#73=DIRECTION('',(1.E0,0.E0,0.E0));
#74=AXIS2_PLACEMENT_3D('',#71,#72,#73);
#76=CARTESIAN_POINT('',(2.5E1,0.E0,-1.25E1));
#77=DIRECTION('',(0.E0,1.E0,0.E0));
#78=DIRECTION('',(-1.E0,0.E0,0.E0));
#79=AXIS2_PLACEMENT_3D('',#76,#77,#78);
#81=CARTESIAN_POINT('',(-2.5E1,0.E0,-2.5E1));
#82=DIRECTION('',(0.E0,-1.E0,0.E0));
#83=DIRECTION('',(-1.E0,0.E0,0.E0));
#84=AXIS2_PLACEMENT_3D('',#81,#82,#83);
#86=DIRECTION('',(0.E0,0.E0,1.E0));
#87=VECTOR('',#86,5.E1);
#88=CARTESIAN_POINT('',(-3.5E1,0.E0,-2.5E1));
#89=LINE('',#88,#87);
#90=CARTESIAN_POINT('',(-2.5E1,0.E0,2.5E1));
#91=DIRECTION('',(0.E0,-1.E0,0.E0));
#92=DIRECTION('',(0.E0,0.E0,1.E0));
#93=AXIS2_PLACEMENT_3D('',#90,#91,#92);
#95=DIRECTION('',(1.E0,0.E0,0.E0));
#96=VECTOR('',#95,5.E1);
#97=CARTESIAN_POINT('',(-2.5E1,0.E0,3.5E1));
#98=LINE('',#97,#96);
#99=CARTESIAN_POINT('',(2.5E1,0.E0,2.5E1));
#100=DIRECTION('',(0.E0,-1.E0,0.E0));
#101=DIRECTION('',(1.E0,0.E0,0.E0));
#102=AXIS2_PLACEMENT_3D('',#99,#100,#101);
#104=DIRECTION('',(0.E0,0.E0,-1.E0));
#105=VECTOR('',#104,5.E1);
#106=CARTESIAN_POINT('',(3.5E1,0.E0,2.5E1));
#107=LINE('',#106,#105);
#108=CARTESIAN_POINT('',(2.5E1,0.E0,-2.5E1));
#109=DIRECTION('',(0.E0,-1.E0,0.E0));
#110=DIRECTION('',(0.E0,0.E0,-1.E0));
#111=AXIS2_PLACEMENT_3D('',#108,#109,#110);
#113=DIRECTION('',(-1.E0,0.E0,0.E0));
#114=VECTOR('',#113,5.E1);
#115=CARTESIAN_POINT('',(2.5E1,0.E0,-3.5E1));
#116=LINE('',#115,#114);
#117=CARTESIAN_POINT('',(-1.25E1,5.E0,-2.5E1));
#118=DIRECTION('',(0.E0,1.E0,0.E0));
#119=DIRECTION('',(1.E0,0.E0,0.E0));
#120=AXIS2_PLACEMENT_3D('',#117,#118,#119);
#122=DIRECTION('',(0.E0,-1.E0,0.E0));
#123=VECTOR('',#122,5.E0);
#124=CARTESIAN_POINT('',(-9.35E0,5.E0,-2.5E1));
#125=LINE('',#124,#123);
#126=CARTESIAN_POINT('',(-2.5E1,5.E0,-1.25E1));
#127=DIRECTION('',(0.E0,1.E0,0.E0));
#128=DIRECTION('',(1.E0,0.E0,0.E0));
#129=AXIS2_PLACEMENT_3D('',#126,#127,#128);
#131=CARTESIAN_POINT('',(-2.5E1,5.E0,-1.25E1));
#132=DIRECTION('',(0.E0,1.E0,0.E0));
#133=DIRECTION('',(-1.E0,0.E0,0.E0));
#134=AXIS2_PLACEMENT_3D('',#131,#132,#133);
#136=CARTESIAN_POINT('',(-1.25E1,5.E0,-2.5E1));
#137=DIRECTION('',(0.E0,1.E0,0.E0));
#138=DIRECTION('',(1.E0,0.E0,0.E0));
#139=AXIS2_PLACEMENT_3D('',#136,#137,#138);
#141=CARTESIAN_POINT('',(-1.25E1,5.E0,-2.5E1));
#142=DIRECTION('',(0.E0,1.E0,0.E0));
#143=DIRECTION('',(-1.E0,0.E0,0.E0));
#144=AXIS2_PLACEMENT_3D('',#141,#142,#143);
#146=CARTESIAN_POINT('',(1.25E1,5.E0,-2.5E1));
#147=DIRECTION('',(0.E0,1.E0,0.E0));
#148=DIRECTION('',(1.E0,0.E0,0.E0));
#149=AXIS2_PLACEMENT_3D('',#146,#147,#148);
#151=CARTESIAN_POINT('',(1.25E1,5.E0,-2.5E1));
#152=DIRECTION('',(0.E0,1.E0,0.E0));
#153=DIRECTION('',(-1.E0,0.E0,0.E0));
#154=AXIS2_PLACEMENT_3D('',#151,#152,#153);
#156=CARTESIAN_POINT('',(2.5E1,5.E0,-1.25E1));
#157=DIRECTION('',(0.E0,1.E0,0.E0));
#158=DIRECTION('',(1.E0,0.E0,0.E0));
#159=AXIS2_PLACEMENT_3D('',#156,#157,#158);
#161=CARTESIAN_POINT('',(2.5E1,5.E0,-1.25E1));
#162=DIRECTION('',(0.E0,1.E0,0.E0));
#163=DIRECTION('',(-1.E0,0.E0,0.E0));
#164=AXIS2_PLACEMENT_3D('',#161,#162,#163);
#166=CARTESIAN_POINT('',(2.5E1,5.E0,1.25E1));
#167=DIRECTION('',(0.E0,1.E0,0.E0));
#168=DIRECTION('',(1.E0,0.E0,0.E0));
#169=AXIS2_PLACEMENT_3D('',#166,#167,#168);
#171=CARTESIAN_POINT('',(2.5E1,5.E0,1.25E1));
#172=DIRECTION('',(0.E0,1.E0,0.E0));
#173=DIRECTION('',(-1.E0,0.E0,0.E0));
#174=AXIS2_PLACEMENT_3D('',#171,#172,#173);
#176=CARTESIAN_POINT('',(1.25E1,5.E0,2.5E1));
#177=DIRECTION('',(0.E0,1.E0,0.E0));
#178=DIRECTION('',(1.E0,0.E0,0.E0));
#179=AXIS2_PLACEMENT_3D('',#176,#177,#178);
#181=CARTESIAN_POINT('',(1.25E1,5.E0,2.5E1));
#182=DIRECTION('',(0.E0,1.E0,0.E0));
#183=DIRECTION('',(-1.E0,0.E0,0.E0));
#184=AXIS2_PLACEMENT_3D('',#181,#182,#183);
#186=CARTESIAN_POINT('',(-1.25E1,5.E0,2.5E1));
#187=DIRECTION('',(0.E0,1.E0,0.E0));
#188=DIRECTION('',(1.E0,0.E0,0.E0));
#189=AXIS2_PLACEMENT_3D('',#186,#187,#188);
#191=CARTESIAN_POINT('',(-1.25E1,5.E0,2.5E1));
#192=DIRECTION('',(0.E0,1.E0,0.E0));
#193=DIRECTION('',(-1.E0,0.E0,0.E0));
#194=AXIS2_PLACEMENT_3D('',#191,#192,#193);
#196=CARTESIAN_POINT('',(-2.5E1,5.E0,1.25E1));
#197=DIRECTION('',(0.E0,1.E0,0.E0));
#198=DIRECTION('',(1.E0,0.E0,0.E0));
#199=AXIS2_PLACEMENT_3D('',#196,#197,#198);
#201=CARTESIAN_POINT('',(-2.5E1,5.E0,1.25E1));
#202=DIRECTION('',(0.E0,1.E0,0.E0));
#203=DIRECTION('',(-1.E0,0.E0,0.E0));
#204=AXIS2_PLACEMENT_3D('',#201,#202,#203);
#206=DIRECTION('',(0.E0,-1.E0,0.E0));
#207=VECTOR('',#206,5.E0);
#208=CARTESIAN_POINT('',(-1.96E1,1.E1,-1.25E1));
#209=LINE('',#208,#207);
#210=CARTESIAN_POINT('',(0.E0,1.E1,0.E0));
#211=DIRECTION('',(0.E0,1.E0,0.E0));
#212=DIRECTION('',(1.E0,0.E0,0.E0));
#213=AXIS2_PLACEMENT_3D('',#210,#211,#212);
#215=CARTESIAN_POINT('',(0.E0,1.E1,0.E0));
#216=DIRECTION('',(0.E0,1.E0,0.E0));
#217=DIRECTION('',(-1.E0,0.E0,0.E0));
#218=AXIS2_PLACEMENT_3D('',#215,#216,#217);
#220=CARTESIAN_POINT('',(-2.5E1,1.E1,-1.25E1));
#221=DIRECTION('',(0.E0,1.E0,0.E0));
#222=DIRECTION('',(1.E0,0.E0,0.E0));
#223=AXIS2_PLACEMENT_3D('',#220,#221,#222);
#225=CARTESIAN_POINT('',(-2.5E1,1.E1,-1.25E1));
#226=DIRECTION('',(0.E0,1.E0,0.E0));
#227=DIRECTION('',(-1.E0,0.E0,0.E0));
#228=AXIS2_PLACEMENT_3D('',#225,#226,#227);
#230=CARTESIAN_POINT('',(-1.25E1,1.E1,-2.5E1));
#231=DIRECTION('',(0.E0,1.E0,0.E0));
#232=DIRECTION('',(1.E0,0.E0,0.E0));
#233=AXIS2_PLACEMENT_3D('',#230,#231,#232);
#235=CARTESIAN_POINT('',(-1.25E1,1.E1,-2.5E1));
#236=DIRECTION('',(0.E0,1.E0,0.E0));
#237=DIRECTION('',(-1.E0,0.E0,0.E0));
#238=AXIS2_PLACEMENT_3D('',#235,#236,#237);
#240=CARTESIAN_POINT('',(1.25E1,1.E1,-2.5E1));
#241=DIRECTION('',(0.E0,1.E0,0.E0));
#242=DIRECTION('',(1.E0,0.E0,0.E0));
#243=AXIS2_PLACEMENT_3D('',#240,#241,#242);
#245=CARTESIAN_POINT('',(1.25E1,1.E1,-2.5E1));
#246=DIRECTION('',(0.E0,1.E0,0.E0));
#247=DIRECTION('',(-1.E0,0.E0,0.E0));
#248=AXIS2_PLACEMENT_3D('',#245,#246,#247);
#250=CARTESIAN_POINT('',(2.5E1,1.E1,-1.25E1));
#251=DIRECTION('',(0.E0,1.E0,0.E0));
#252=DIRECTION('',(1.E0,0.E0,0.E0));
#253=AXIS2_PLACEMENT_3D('',#250,#251,#252);
#255=CARTESIAN_POINT('',(2.5E1,1.E1,-1.25E1));
#256=DIRECTION('',(0.E0,1.E0,0.E0));
#257=DIRECTION('',(-1.E0,0.E0,0.E0));
#258=AXIS2_PLACEMENT_3D('',#255,#256,#257);
#260=CARTESIAN_POINT('',(2.5E1,1.E1,1.25E1));
#261=DIRECTION('',(0.E0,1.E0,0.E0));
#262=DIRECTION('',(1.E0,0.E0,0.E0));
#263=AXIS2_PLACEMENT_3D('',#260,#261,#262);
#265=CARTESIAN_POINT('',(2.5E1,1.E1,1.25E1));
#266=DIRECTION('',(0.E0,1.E0,0.E0));
#267=DIRECTION('',(-1.E0,0.E0,0.E0));
#268=AXIS2_PLACEMENT_3D('',#265,#266,#267);
#270=CARTESIAN_POINT('',(1.25E1,1.E1,2.5E1));
#271=DIRECTION('',(0.E0,1.E0,0.E0));
#272=DIRECTION('',(1.E0,0.E0,0.E0));
#273=AXIS2_PLACEMENT_3D('',#270,#271,#272);
#275=CARTESIAN_POINT('',(1.25E1,1.E1,2.5E1));
#276=DIRECTION('',(0.E0,1.E0,0.E0));
#277=DIRECTION('',(-1.E0,0.E0,0.E0));
#278=AXIS2_PLACEMENT_3D('',#275,#276,#277);
#280=CARTESIAN_POINT('',(-1.25E1,1.E1,2.5E1));
#281=DIRECTION('',(0.E0,1.E0,0.E0));
#282=DIRECTION('',(1.E0,0.E0,0.E0));
#283=AXIS2_PLACEMENT_3D('',#280,#281,#282);
#285=CARTESIAN_POINT('',(-1.25E1,1.E1,2.5E1));
#286=DIRECTION('',(0.E0,1.E0,0.E0));
#287=DIRECTION('',(-1.E0,0.E0,0.E0));
#288=AXIS2_PLACEMENT_3D('',#285,#286,#287);
#290=CARTESIAN_POINT('',(-2.5E1,1.E1,1.25E1));
#291=DIRECTION('',(0.E0,1.E0,0.E0));
#292=DIRECTION('',(1.E0,0.E0,0.E0));
#293=AXIS2_PLACEMENT_3D('',#290,#291,#292);
#295=CARTESIAN_POINT('',(-2.5E1,1.E1,1.25E1));
#296=DIRECTION('',(0.E0,1.E0,0.E0));
#297=DIRECTION('',(-1.E0,0.E0,0.E0));
#298=AXIS2_PLACEMENT_3D('',#295,#296,#297);
#300=CARTESIAN_POINT('',(-2.5E1,1.E1,-2.5E1));
#301=DIRECTION('',(0.E0,1.E0,0.E0));
#302=DIRECTION('',(0.E0,0.E0,-1.E0));
#303=AXIS2_PLACEMENT_3D('',#300,#301,#302);
#305=DIRECTION('',(-1.E0,0.E0,0.E0));
#306=VECTOR('',#305,5.E1);
#307=CARTESIAN_POINT('',(2.5E1,1.E1,-3.5E1));
#308=LINE('',#307,#306);
#309=CARTESIAN_POINT('',(2.5E1,1.E1,-2.5E1));
#310=DIRECTION('',(0.E0,1.E0,0.E0));
#311=DIRECTION('',(1.E0,0.E0,0.E0));
#312=AXIS2_PLACEMENT_3D('',#309,#310,#311);
#314=DIRECTION('',(0.E0,0.E0,-1.E0));
#315=VECTOR('',#314,5.E1);
#316=CARTESIAN_POINT('',(3.5E1,1.E1,2.5E1));
#317=LINE('',#316,#315);
#318=CARTESIAN_POINT('',(2.5E1,1.E1,2.5E1));
#319=DIRECTION('',(0.E0,1.E0,0.E0));
#320=DIRECTION('',(0.E0,0.E0,1.E0));
#321=AXIS2_PLACEMENT_3D('',#318,#319,#320);
#323=DIRECTION('',(1.E0,0.E0,0.E0));
#324=VECTOR('',#323,5.E1);
#325=CARTESIAN_POINT('',(-2.5E1,1.E1,3.5E1));
#326=LINE('',#325,#324);
#327=CARTESIAN_POINT('',(-2.5E1,1.E1,2.5E1));
#328=DIRECTION('',(0.E0,1.E0,0.E0));
#329=DIRECTION('',(-1.E0,0.E0,0.E0));
#330=AXIS2_PLACEMENT_3D('',#327,#328,#329);
#332=DIRECTION('',(0.E0,0.E0,1.E0));
#333=VECTOR('',#332,5.E1);
#334=CARTESIAN_POINT('',(-3.5E1,1.E1,-2.5E1));
#335=LINE('',#334,#333);
#336=CARTESIAN_POINT('',(0.E0,3.039289321881E1,0.E0));
#337=DIRECTION('',(0.E0,-1.E0,0.E0));
#338=DIRECTION('',(-1.E0,0.E0,0.E0));
#339=AXIS2_PLACEMENT_3D('',#336,#337,#338);
#341=DIRECTION('',(0.E0,1.E0,1.066232805487E-11));
#342=VECTOR('',#341,2.039289321881E1);
#343=CARTESIAN_POINT('',(9.E0,1.E1,0.E0));
#344=LINE('',#343,#342);
#345=CARTESIAN_POINT('',(-8.5E0,3.039289321881E1,1.351165568320E-10));
#346=DIRECTION('',(-1.589606918317E-11,0.E0,-1.E0));
#347=DIRECTION('',(-1.E0,6.167510946398E-12,1.589606918317E-11));
#348=AXIS2_PLACEMENT_3D('',#345,#346,#347);
#350=CARTESIAN_POINT('',(8.5E0,3.039289321881E1,-1.351176670550E-10));
#351=DIRECTION('',(1.589619755271E-11,0.E0,1.E0));
#352=DIRECTION('',(1.E0,6.160405519040E-12,-1.589619755271E-11));
#353=AXIS2_PLACEMENT_3D('',#350,#351,#352);
#355=CARTESIAN_POINT('',(0.E0,3.039289321881E1,0.E0));
#356=DIRECTION('',(0.E0,-1.E0,0.E0));
#357=DIRECTION('',(1.E0,0.E0,0.E0));
#358=AXIS2_PLACEMENT_3D('',#355,#356,#357);
#360=DIRECTION('',(0.E0,1.E0,-1.066229479760E-11));
#361=VECTOR('',#360,2.039289321881E1);
#362=CARTESIAN_POINT('',(-9.E0,1.E1,0.E0));
#363=LINE('',#362,#361);
#364=DIRECTION('',(-7.071067811866E-1,7.071067811865E-1,4.121015219520E-8));
#365=VECTOR('',#364,3.708482374657E0);
#366=CARTESIAN_POINT('',(8.853553390562E0,3.074644660944E1,5.805815976171E-10));
#367=LINE('',#366,#365);
#368=CARTESIAN_POINT('',(0.E0,3.074644660941E1,0.E0));
#369=DIRECTION('',(0.E0,-1.E0,0.E0));
#370=DIRECTION('',(1.E0,0.E0,8.283259129667E-11));
#371=AXIS2_PLACEMENT_3D('',#368,#369,#370);
#373=CARTESIAN_POINT('',(0.E0,3.350000001844E1,0.E0));
#374=DIRECTION('',(0.E0,1.E0,0.E0));
#375=DIRECTION('',(0.E0,0.E0,1.E0));
#376=AXIS2_PLACEMENT_3D('',#373,#374,#375);
#378=CARTESIAN_POINT('',(0.E0,3.336873960687E1,0.E0));
#379=DIRECTION('',(0.E0,-1.E0,0.E0));
#380=DIRECTION('',(1.E0,0.E0,8.283170311825E-11));
#381=AXIS2_PLACEMENT_3D('',#378,#379,#380);
#383=CARTESIAN_POINT('',(-5.877707002535E0,3.301518621628E1,
-5.891960153077E-10));
#384=DIRECTION('',(-1.002430770228E-10,0.E0,1.E0));
#385=DIRECTION('',(-2.445851244789E-1,9.696278239013E-1,-2.451796547176E-11));
#386=AXIS2_PLACEMENT_3D('',#383,#384,#385);
#388=CARTESIAN_POINT('',(1.195051763290E-9,3.350000001455E1,5.999999956921E0));
#389=CARTESIAN_POINT('',(2.814785857108E-1,3.350000959030E1,5.999995697745E0));
#390=CARTESIAN_POINT('',(8.531226158551E-1,3.354393719982E1,5.959441464880E0));
#391=CARTESIAN_POINT('',(1.696013836051E0,3.374019174995E1,5.778284674986E0));
#392=CARTESIAN_POINT('',(2.573202622279E0,3.409678294178E1,5.449125012698E0));
#393=CARTESIAN_POINT('',(3.439848574953E0,3.463592796156E1,4.951451646437E0));
#394=CARTESIAN_POINT('',(4.255919375762E0,3.536698742181E1,4.276627734802E0));
#395=CARTESIAN_POINT('',(4.981714876399E0,3.630747930399E1,3.408480290669E0));
#396=CARTESIAN_POINT('',(5.515136974573E0,3.735962256999E1,2.437271472631E0));
#397=CARTESIAN_POINT('',(5.821577674514E0,3.833352539061E1,1.538283264462E0));
#398=CARTESIAN_POINT('',(5.973740507212E0,3.921984745936E1,7.201425563795E-1));
#399=CARTESIAN_POINT('',(5.999993719801E0,3.975098618944E1,2.298559089951E-1));
#400=CARTESIAN_POINT('',(6.E0,4.E1,0.E0));
#402=CARTESIAN_POINT('',(6.E0,4.E1,0.E0));
#403=CARTESIAN_POINT('',(5.999992636643E0,3.973075952505E1,-2.485260373998E-1));
#404=CARTESIAN_POINT('',(5.970683895865E0,3.916509397674E1,-7.706846905695E-1));
#405=CARTESIAN_POINT('',(5.790024302704E0,3.819773514924E1,-1.663627919893E0));
#406=CARTESIAN_POINT('',(5.465954500523E0,3.726134657739E1,-2.527988312421E0));
#407=CARTESIAN_POINT('',(5.047463870892E0,3.644831981431E1,-3.278473912161E0));
#408=CARTESIAN_POINT('',(4.572647125843E0,3.576515829299E1,-3.909084832142E0));
#409=CARTESIAN_POINT('',(4.066853768947E0,3.520104658803E1,-4.429803253909E0));
#410=CARTESIAN_POINT('',(3.544091040703E0,3.473943497421E1,-4.855906324793E0));
#411=CARTESIAN_POINT('',(3.019911094434E0,3.437081283446E1,-5.196172890233E0));
#412=CARTESIAN_POINT('',(2.506394764789E0,3.408410854260E1,-5.460822974731E0));
#413=CARTESIAN_POINT('',(2.011774249861E0,3.386793929451E1,-5.660363783552E0));
#414=CARTESIAN_POINT('',(1.544326414969E0,3.371221991495E1,-5.804104701721E0));
#415=CARTESIAN_POINT('',(1.109162962868E0,3.360649435823E1,-5.901697529922E0));
#416=CARTESIAN_POINT('',(7.073415312285E-1,3.354078857067E1,-5.962348997673E0));
#417=CARTESIAN_POINT('',(3.379429976951E-1,3.350649881661E1,-5.994001058952E0));
#418=CARTESIAN_POINT('',(1.092831102331E-1,3.350000036733E1,-5.999999775983E0));
#419=CARTESIAN_POINT('',(-1.866110447835E-7,3.350000002426E1,
-5.999999928198E0));
#421=CARTESIAN_POINT('',(1.697074043508E-7,3.350000000001E1,6.499999999995E0));
#422=DIRECTION('',(1.E0,2.610753038702E-8,-2.610752965223E-8));
#423=DIRECTION('',(-2.610752965124E-8,-3.812772320092E-11,-1.E0));
#424=AXIS2_PLACEMENT_3D('',#421,#422,#423);
#426=CARTESIAN_POINT('',(0.E0,3.350000001844E1,0.E0));
#427=DIRECTION('',(0.E0,1.E0,0.E0));
#428=DIRECTION('',(0.E0,0.E0,-1.E0));
#429=AXIS2_PLACEMENT_3D('',#426,#427,#428);
#431=CARTESIAN_POINT('',(-1.866110447835E-7,3.350000002426E1,
-5.999999928198E0));
#432=CARTESIAN_POINT('',(-2.806929516194E-1,3.350000952382E1,
-5.999995702944E0));
#433=CARTESIAN_POINT('',(-8.507708771374E-1,3.354367310224E1,
-5.959685260428E0));
#434=CARTESIAN_POINT('',(-1.691931966456E0,3.373902557921E1,-5.779361139558E0));
#435=CARTESIAN_POINT('',(-2.566731521444E0,3.409366398107E1,-5.452004031772E0));
#436=CARTESIAN_POINT('',(-3.431610929377E0,3.462996762721E1,-4.956953491970E0));
#437=CARTESIAN_POINT('',(-4.245380529607E0,3.535628206891E1,-4.286509586671E0));
#438=CARTESIAN_POINT('',(-4.969937295801E0,3.628912949444E1,-3.425418607974E0));
#439=CARTESIAN_POINT('',(-5.508512108853E0,3.734244373573E1,-2.453128864548E0));
#440=CARTESIAN_POINT('',(-5.819277921387E0,3.832265026231E1,-1.548321822057E0));
#441=CARTESIAN_POINT('',(-5.973539049860E0,3.921590563016E1,
-7.237811965990E-1));
#442=CARTESIAN_POINT('',(-5.999993568342E0,3.974987342117E1,
-2.308830289813E-1));
#443=CARTESIAN_POINT('',(-6.E0,4.E1,0.E0));
#445=CARTESIAN_POINT('',(-6.E0,4.E1,0.E0));
#446=CARTESIAN_POINT('',(-5.999992017106E0,3.972633824030E1,2.526070239011E-1));
#447=CARTESIAN_POINT('',(-5.969708398491E0,3.915315519347E1,7.817052143221E-1));
#448=CARTESIAN_POINT('',(-5.784998867061E0,3.817768312873E1,1.682137438698E0));
#449=CARTESIAN_POINT('',(-5.456666850417E0,3.723980070454E1,2.547876837754E0));
#450=CARTESIAN_POINT('',(-5.037034774017E0,3.643132589837E1,3.294160596080E0));
#451=CARTESIAN_POINT('',(-4.562155618395E0,3.575202949868E1,3.921203720671E0));
#452=CARTESIAN_POINT('',(-4.056118414741E0,3.519048835240E1,4.439549317437E0));
#453=CARTESIAN_POINT('',(-3.533921018206E0,3.473150969712E1,4.863221964384E0));
#454=CARTESIAN_POINT('',(-3.010677245499E0,3.436508512443E1,5.201460005860E0));
#455=CARTESIAN_POINT('',(-2.498281200250E0,3.408014418222E1,5.464482383092E0));
#456=CARTESIAN_POINT('',(-2.004943740490E0,3.386536856165E1,5.662736766484E0));
#457=CARTESIAN_POINT('',(-1.538933455375E0,3.371071558050E1,5.805493317921E0));
#458=CARTESIAN_POINT('',(-1.105232499240E0,3.360573512411E1,5.902398360448E0));
#459=CARTESIAN_POINT('',(-7.048309988856E-1,3.354049939258E1,5.962615933816E0));
#460=CARTESIAN_POINT('',(-3.367589212081E-1,3.350645387142E1,5.994042538471E0));
#461=CARTESIAN_POINT('',(-1.089032465937E-1,3.350000035266E1,5.999999806915E0));
#462=CARTESIAN_POINT('',(1.195051763290E-9,3.350000001455E1,5.999999956921E0));
#464=CARTESIAN_POINT('',(0.E0,3.349999973926E1,0.E0));
#465=DIRECTION('',(0.E0,1.E0,0.E0));
#466=DIRECTION('',(-1.E0,0.E0,5.225735116684E-9));
#467=AXIS2_PLACEMENT_3D('',#464,#465,#466);
#469=CARTESIAN_POINT('',(2.457816936086E-13,3.301518621628E1,
-5.877707002535E0));
#470=DIRECTION('',(-1.E0,0.E0,-4.181588885918E-14));
#471=DIRECTION('',(1.022758114630E-14,9.696276021262E-1,-2.445860036778E-1));
#472=AXIS2_PLACEMENT_3D('',#469,#470,#471);
#474=CARTESIAN_POINT('',(0.E0,3.336873923351E1,0.E0));
#475=DIRECTION('',(0.E0,1.E0,0.E0));
#476=DIRECTION('',(1.E0,0.E0,8.283279045652E-11));
#477=AXIS2_PLACEMENT_3D('',#474,#475,#476);
#479=CARTESIAN_POINT('',(0.E0,3.336873960687E1,0.E0));
#480=DIRECTION('',(0.E0,1.E0,0.E0));
#481=DIRECTION('',(2.152834404711E-9,0.E0,-1.E0));
#482=AXIS2_PLACEMENT_3D('',#479,#480,#481);
#484=DIRECTION('',(7.071067811866E-1,7.071067811865E-1,-2.867481478069E-8));
#485=VECTOR('',#484,3.708482418667E0);
#486=CARTESIAN_POINT('',(-8.853553390562E0,3.074644660944E1,
-5.805804472727E-10));
#487=LINE('',#486,#485);
#488=CARTESIAN_POINT('',(0.E0,3.074644660941E1,0.E0));
#489=DIRECTION('',(0.E0,-1.E0,0.E0));
#490=DIRECTION('',(-1.E0,0.E0,-8.283291292120E-11));
#491=AXIS2_PLACEMENT_3D('',#488,#489,#490);
#493=CARTESIAN_POINT('',(-1.711089349564E-7,3.350000000001E1,
-6.499999999995E0));
#494=DIRECTION('',(-1.E0,2.632314209951E-8,2.632314430387E-8));
#495=DIRECTION('',(2.632314430287E-8,-3.825562089335E-11,1.E0));
#496=AXIS2_PLACEMENT_3D('',#493,#494,#495);
#498=CARTESIAN_POINT('',(0.E0,4.E1,7.5E0));
#499=DIRECTION('',(0.E0,0.E0,1.E0));
#500=DIRECTION('',(-1.E0,0.E0,0.E0));
#501=AXIS2_PLACEMENT_3D('',#498,#499,#500);
#503=CARTESIAN_POINT('',(-1.838839945333E-9,3.400000000001E1,6.499999997723E0));
#504=CARTESIAN_POINT('',(2.814785845930E-1,3.400000533932E1,6.499990288866E0));
#505=CARTESIAN_POINT('',(8.531226385843E-1,3.404055805584E1,6.456063070655E0));
#506=CARTESIAN_POINT('',(1.696013918715E0,3.422171546989E1,6.259808535969E0));
#507=CARTESIAN_POINT('',(2.573202829622E0,3.455087505293E1,5.903217534860E0));
#508=CARTESIAN_POINT('',(3.439848592874E0,3.504854838732E1,5.364072053815E0));
#509=CARTESIAN_POINT('',(4.255919351526E0,3.572337224219E1,4.633012539309E0));
#510=CARTESIAN_POINT('',(4.981714832240E0,3.659151964452E1,3.692520607656E0));
#511=CARTESIAN_POINT('',(5.515136971349E0,3.756272851176E1,2.640377416786E0));
#512=CARTESIAN_POINT('',(5.821577673635E0,3.846171673326E1,1.666474606521E0));
#513=CARTESIAN_POINT('',(5.973740507428E0,3.927985744400E1,7.801525411887E-1));
#514=CARTESIAN_POINT('',(5.999993719801E0,3.977014409099E1,2.490138105769E-1));
#515=CARTESIAN_POINT('',(6.E0,4.E1,0.E0));
#517=CARTESIAN_POINT('',(-6.E0,4.E1,0.E0));
#518=CARTESIAN_POINT('',(-5.999992017106E0,3.974739297608E1,2.736617597219E-1));
#519=CARTESIAN_POINT('',(-5.969708398899E0,3.921829478688E1,8.468448077462E-1));
#520=CARTESIAN_POINT('',(-5.784998865383E0,3.831786255526E1,1.822316865269E0));
#521=CARTESIAN_POINT('',(-5.456666849431E0,3.745212316014E1,2.760199293164E0));
#522=CARTESIAN_POINT('',(-5.037034769974E0,3.670583939759E1,3.568674093424E0));
#523=CARTESIAN_POINT('',(-4.562155616499E0,3.607879627751E1,4.247970497974E0));
#524=CARTESIAN_POINT('',(-4.056118416200E0,3.556045068430E1,4.809511650162E0));
#525=CARTESIAN_POINT('',(-3.533921028729E0,3.513677804373E1,5.268490322680E0));
#526=CARTESIAN_POINT('',(-3.010677262521E0,3.479854000409E1,5.634914911028E0));
#527=CARTESIAN_POINT('',(-2.498281217414E0,3.453551762459E1,5.919855859259E0));
#528=CARTESIAN_POINT('',(-2.004943752189E0,3.433726323749E1,6.134631473438E0));
#529=CARTESIAN_POINT('',(-1.538933459651E0,3.419450668277E1,6.289284436408E0));
#530=CARTESIAN_POINT('',(-1.105232500443E0,3.409760164082E1,6.394264883850E0));
#531=CARTESIAN_POINT('',(-7.048309988193E-1,3.403738406210E1,6.459500604079E0));
#532=CARTESIAN_POINT('',(-3.367589199147E-1,3.400595747653E1,6.493546131098E0));
#533=CARTESIAN_POINT('',(-1.089032496341E-1,3.400000016079E1,6.499999643426E0));
#534=CARTESIAN_POINT('',(-1.838839945333E-9,3.400000000001E1,6.499999997723E0));
#536=DIRECTION('',(0.E0,2.737124304986E-10,1.E0));
#537=VECTOR('',#536,7.5E0);
#538=CARTESIAN_POINT('',(-6.E0,4.E1,0.E0));
#539=LINE('',#538,#537);
#540=CARTESIAN_POINT('',(0.E0,4.E1,-7.5E0));
#541=DIRECTION('',(0.E0,0.E0,-1.E0));
#542=DIRECTION('',(1.E0,0.E0,0.E0));
#543=AXIS2_PLACEMENT_3D('',#540,#541,#542);
#545=DIRECTION('',(0.E0,3.109941341487E-10,1.E0));
#546=VECTOR('',#545,7.5E0);
#547=CARTESIAN_POINT('',(-6.E0,3.999999999767E1,-7.5E0));
#548=LINE('',#547,#546);
#549=CARTESIAN_POINT('',(-3.272094215913E-10,3.400000000001E1,
-6.499999997717E0));
#550=CARTESIAN_POINT('',(-2.806927671744E-1,3.400000528916E1,
-6.499990366235E0));
#551=CARTESIAN_POINT('',(-8.507709845745E-1,3.404031428114E1,
-6.456327159960E0));
#552=CARTESIAN_POINT('',(-1.691932024895E0,3.422063899934E1,-6.260974704064E0));
#553=CARTESIAN_POINT('',(-2.566731733127E0,3.454799603414E1,-5.906336492236E0));
#554=CARTESIAN_POINT('',(-3.431610945996E0,3.504304654142E1,-5.370032389022E0));
#555=CARTESIAN_POINT('',(-4.245380506536E0,3.571349039107E1,-4.643717893361E0));
#556=CARTESIAN_POINT('',(-4.969937252744E0,3.657458132964E1,-3.710870419996E0));
#557=CARTESIAN_POINT('',(-5.508512104788E0,3.754687111825E1,-2.657556249152E0));
#558=CARTESIAN_POINT('',(-5.819277920647E0,3.845167817581E1,-1.677349735055E0));
#559=CARTESIAN_POINT('',(-5.973539050036E0,3.927621880373E1,
-7.840943703197E-1));
#560=CARTESIAN_POINT('',(-5.999993568342E0,3.976911697100E1,
-2.501265788442E-1));
#561=CARTESIAN_POINT('',(-6.E0,4.E1,0.E0));
#563=CARTESIAN_POINT('',(6.E0,4.E1,0.E0));
#564=CARTESIAN_POINT('',(5.999992636643E0,3.975147396259E1,-2.692404749656E-1));
#565=CARTESIAN_POINT('',(5.970683896241E0,3.922931531057E1,-8.349060244018E-1));
#566=CARTESIAN_POINT('',(5.790024301152E0,3.833637207438E1,-1.802264845082E0));
#567=CARTESIAN_POINT('',(5.465954499340E0,3.747201168498E1,-2.738653419788E0));
#568=CARTESIAN_POINT('',(5.047463866815E0,3.672152608147E1,-3.551680177431E0));
#569=CARTESIAN_POINT('',(4.572647124084E0,3.609091516616E1,-4.234841703904E0));
#570=CARTESIAN_POINT('',(4.066853770086E0,3.557019674754E1,-4.798953413957E0));
#571=CARTESIAN_POINT('',(3.544091051139E0,3.514409368330E1,-5.260565045373E0));
#572=CARTESIAN_POINT('',(3.019911111466E0,3.480382711979E1,-5.629187200994E0));
#573=CARTESIAN_POINT('',(2.506394782239E0,3.453917703305E1,-5.915891499163E0));
#574=CARTESIAN_POINT('',(2.011774261337E0,3.433963622058E1,-6.132060741068E0));
#575=CARTESIAN_POINT('',(1.544326420995E0,3.419589529874E1,-6.287780102423E0));
#576=CARTESIAN_POINT('',(1.109162958004E0,3.409830247231E1,-6.393505649602E0));
#577=CARTESIAN_POINT('',(7.073415539453E-1,3.403765099468E1,-6.459211427193E0));
#578=CARTESIAN_POINT('',(3.379429113570E-1,3.400599896938E1,-6.493501181395E0));
#579=CARTESIAN_POINT('',(1.092832965229E-1,3.400000016302E1,-6.499999638508E0));
#580=CARTESIAN_POINT('',(-3.272094215913E-10,3.400000000001E1,
-6.499999997717E0));
#582=CARTESIAN_POINT('',(-5.5E0,4.000000000083E1,7.5E0));
#583=DIRECTION('',(-1.516595009299E-10,-1.E0,0.E0));
#584=DIRECTION('',(0.E0,0.E0,1.E0));
#585=AXIS2_PLACEMENT_3D('',#582,#583,#584);
#587=CARTESIAN_POINT('',(0.E0,4.E1,8.E0));
#588=DIRECTION('',(0.E0,0.E0,1.E0));
#589=DIRECTION('',(1.E0,0.E0,0.E0));
#590=AXIS2_PLACEMENT_3D('',#587,#588,#589);
#592=CARTESIAN_POINT('',(0.E0,4.E1,8.E0));
#593=DIRECTION('',(0.E0,0.E0,1.E0));
#594=DIRECTION('',(-1.E0,0.E0,0.E0));
#595=AXIS2_PLACEMENT_3D('',#592,#593,#594);
#597=CARTESIAN_POINT('',(5.5E0,3.999999999917E1,7.5E0));
#598=DIRECTION('',(1.516590603101E-10,1.E0,0.E0));
#599=DIRECTION('',(-1.243449787580E-14,0.E0,1.E0));
#600=AXIS2_PLACEMENT_3D('',#597,#598,#599);
#602=CARTESIAN_POINT('',(0.E0,4.E1,7.5E0));
#603=DIRECTION('',(0.E0,0.E0,1.E0));
#604=DIRECTION('',(1.E0,0.E0,0.E0));
#605=AXIS2_PLACEMENT_3D('',#602,#603,#604);
#607=CARTESIAN_POINT('',(0.E0,4.E1,-7.5E0));
#608=DIRECTION('',(0.E0,0.E0,-1.E0));
#609=DIRECTION('',(-1.E0,0.E0,0.E0));
#610=AXIS2_PLACEMENT_3D('',#607,#608,#609);
#612=DIRECTION('',(0.E0,-3.109941341487E-10,1.E0));
#613=VECTOR('',#612,7.5E0);
#614=CARTESIAN_POINT('',(6.E0,4.000000000233E1,-7.5E0));
#615=LINE('',#614,#613);
#616=DIRECTION('',(0.E0,-2.737124304986E-10,1.E0));
#617=VECTOR('',#616,7.5E0);
#618=CARTESIAN_POINT('',(6.E0,4.E1,0.E0));
#619=LINE('',#618,#617);
#620=CARTESIAN_POINT('',(-5.5E0,3.999999999858E1,-7.5E0));
#621=DIRECTION('',(-2.585053768267E-10,1.E0,0.E0));
#622=DIRECTION('',(4.263256414561E-14,0.E0,-1.E0));
#623=AXIS2_PLACEMENT_3D('',#620,#621,#622);
#625=CARTESIAN_POINT('',(0.E0,4.E1,-8.E0));
#626=DIRECTION('',(0.E0,0.E0,-1.E0));
#627=DIRECTION('',(-1.E0,0.E0,0.E0));
#628=AXIS2_PLACEMENT_3D('',#625,#626,#627);
#630=CARTESIAN_POINT('',(0.E0,4.E1,-8.E0));
#631=DIRECTION('',(0.E0,0.E0,-1.E0));
#632=DIRECTION('',(1.E0,0.E0,0.E0));
#633=AXIS2_PLACEMENT_3D('',#630,#631,#632);
#635=CARTESIAN_POINT('',(5.5E0,4.000000000142E1,-7.5E0));
#636=DIRECTION('',(2.585047800818E-10,-1.E0,0.E0));
#637=DIRECTION('',(-3.907985046681E-14,0.E0,-1.E0));
#638=AXIS2_PLACEMENT_3D('',#635,#636,#637);
#640=DIRECTION('',(0.E0,-1.E0,0.E0));
#641=VECTOR('',#640,5.E0);
#642=CARTESIAN_POINT('',(-3.04E1,1.E1,-1.25E1));
#643=LINE('',#642,#641);
#644=DIRECTION('',(0.E0,-1.E0,0.E0));
#645=VECTOR('',#644,5.E0);
#646=CARTESIAN_POINT('',(-7.1E0,1.E1,-2.5E1));
#647=LINE('',#646,#645);
#648=DIRECTION('',(0.E0,-1.E0,0.E0));
#649=VECTOR('',#648,5.E0);
#650=CARTESIAN_POINT('',(-1.79E1,1.E1,-2.5E1));
#651=LINE('',#650,#649);
#652=DIRECTION('',(0.E0,-1.E0,0.E0));
#653=VECTOR('',#652,5.E0);
#654=CARTESIAN_POINT('',(1.79E1,1.E1,-2.5E1));
#655=LINE('',#654,#653);
#656=DIRECTION('',(0.E0,-1.E0,0.E0));
#657=VECTOR('',#656,5.E0);
#658=CARTESIAN_POINT('',(7.1E0,1.E1,-2.5E1));
#659=LINE('',#658,#657);
#660=DIRECTION('',(0.E0,-1.E0,0.E0));
#661=VECTOR('',#660,5.E0);
#662=CARTESIAN_POINT('',(3.04E1,1.E1,-1.25E1));
#663=LINE('',#662,#661);
#664=DIRECTION('',(0.E0,-1.E0,0.E0));
#665=VECTOR('',#664,5.E0);
#666=CARTESIAN_POINT('',(1.96E1,1.E1,-1.25E1));
#667=LINE('',#666,#665);
#668=DIRECTION('',(0.E0,-1.E0,0.E0));
#669=VECTOR('',#668,5.E0);
#670=CARTESIAN_POINT('',(3.04E1,1.E1,1.25E1));
#671=LINE('',#670,#669);
#672=DIRECTION('',(0.E0,-1.E0,0.E0));
#673=VECTOR('',#672,5.E0);
#674=CARTESIAN_POINT('',(1.96E1,1.E1,1.25E1));
#675=LINE('',#674,#673);
#676=DIRECTION('',(0.E0,-1.E0,0.E0));
#677=VECTOR('',#676,5.E0);
#678=CARTESIAN_POINT('',(1.79E1,1.E1,2.5E1));
#679=LINE('',#678,#677);
#680=DIRECTION('',(0.E0,-1.E0,0.E0));
#681=VECTOR('',#680,5.E0);
#682=CARTESIAN_POINT('',(7.1E0,1.E1,2.5E1));
#683=LINE('',#682,#681);
#684=DIRECTION('',(0.E0,-1.E0,0.E0));
#685=VECTOR('',#684,5.E0);
#686=CARTESIAN_POINT('',(-7.1E0,1.E1,2.5E1));
#687=LINE('',#686,#685);
#688=DIRECTION('',(0.E0,-1.E0,0.E0));
#689=VECTOR('',#688,5.E0);
#690=CARTESIAN_POINT('',(-1.79E1,1.E1,2.5E1));
#691=LINE('',#690,#689);
#692=DIRECTION('',(0.E0,-1.E0,0.E0));
#693=VECTOR('',#692,5.E0);
#694=CARTESIAN_POINT('',(-1.96E1,1.E1,1.25E1));
#695=LINE('',#694,#693);
#696=DIRECTION('',(0.E0,-1.E0,0.E0));
#697=VECTOR('',#696,5.E0);
#698=CARTESIAN_POINT('',(-3.04E1,1.E1,1.25E1));
#699=LINE('',#698,#697);
#700=DIRECTION('',(0.E0,-1.E0,0.E0));
#701=VECTOR('',#700,1.E1);
#702=CARTESIAN_POINT('',(-2.5E1,1.E1,-3.5E1));
#703=LINE('',#702,#701);
#704=DIRECTION('',(0.E0,-1.E0,0.E0));
#705=VECTOR('',#704,1.E1);
#706=CARTESIAN_POINT('',(2.5E1,1.E1,-3.5E1));
#707=LINE('',#706,#705);
#708=DIRECTION('',(0.E0,-1.E0,0.E0));
#709=VECTOR('',#708,1.E1);
#710=CARTESIAN_POINT('',(3.5E1,1.E1,-2.5E1));
#711=LINE('',#710,#709);
#712=DIRECTION('',(0.E0,-1.E0,0.E0));
#713=VECTOR('',#712,1.E1);
#714=CARTESIAN_POINT('',(3.5E1,1.E1,2.5E1));
#715=LINE('',#714,#713);
#716=DIRECTION('',(0.E0,-1.E0,0.E0));
#717=VECTOR('',#716,1.E1);
#718=CARTESIAN_POINT('',(2.5E1,1.E1,3.5E1));
#719=LINE('',#718,#717);
#720=DIRECTION('',(0.E0,-1.E0,0.E0));
#721=VECTOR('',#720,1.E1);
#722=CARTESIAN_POINT('',(-2.5E1,1.E1,3.5E1));
#723=LINE('',#722,#721);
#724=DIRECTION('',(0.E0,-1.E0,0.E0));
#725=VECTOR('',#724,1.E1);
#726=CARTESIAN_POINT('',(-3.5E1,1.E1,-2.5E1));
#727=LINE('',#726,#725);
#728=DIRECTION('',(0.E0,-1.E0,0.E0));
#729=VECTOR('',#728,1.E1);
#730=CARTESIAN_POINT('',(-3.5E1,1.E1,2.5E1));
#731=LINE('',#730,#729);
#732=CARTESIAN_POINT('',(-1.25E1,5.E0,-2.5E1));
#733=DIRECTION('',(0.E0,1.E0,0.E0));
#734=DIRECTION('',(-1.E0,0.E0,0.E0));
#735=AXIS2_PLACEMENT_3D('',#732,#733,#734);
#737=DIRECTION('',(0.E0,-1.E0,0.E0));
#738=VECTOR('',#737,5.E0);
#739=CARTESIAN_POINT('',(-1.565E1,5.E0,-2.5E1));
#740=LINE('',#739,#738);
#741=CARTESIAN_POINT('',(1.25E1,5.E0,-2.5E1));
#742=DIRECTION('',(0.E0,1.E0,0.E0));
#743=DIRECTION('',(1.E0,0.E0,0.E0));
#744=AXIS2_PLACEMENT_3D('',#741,#742,#743);
#746=DIRECTION('',(0.E0,-1.E0,0.E0));
#747=VECTOR('',#746,5.E0);
#748=CARTESIAN_POINT('',(1.565E1,5.E0,-2.5E1));
#749=LINE('',#748,#747);
#750=CARTESIAN_POINT('',(1.25E1,5.E0,-2.5E1));
#751=DIRECTION('',(0.E0,1.E0,0.E0));
#752=DIRECTION('',(-1.E0,0.E0,0.E0));
#753=AXIS2_PLACEMENT_3D('',#750,#751,#752);
#755=DIRECTION('',(0.E0,-1.E0,0.E0));
#756=VECTOR('',#755,5.E0);
#757=CARTESIAN_POINT('',(9.35E0,5.E0,-2.5E1));
#758=LINE('',#757,#756);
#759=CARTESIAN_POINT('',(1.25E1,5.E0,2.5E1));
#760=DIRECTION('',(0.E0,1.E0,0.E0));
#761=DIRECTION('',(1.E0,0.E0,0.E0));
#762=AXIS2_PLACEMENT_3D('',#759,#760,#761);
#764=DIRECTION('',(0.E0,-1.E0,0.E0));
#765=VECTOR('',#764,5.E0);
#766=CARTESIAN_POINT('',(1.565E1,5.E0,2.5E1));
#767=LINE('',#766,#765);
#768=CARTESIAN_POINT('',(1.25E1,5.E0,2.5E1));
#769=DIRECTION('',(0.E0,1.E0,0.E0));
#770=DIRECTION('',(-1.E0,0.E0,0.E0));
#771=AXIS2_PLACEMENT_3D('',#768,#769,#770);
#773=DIRECTION('',(0.E0,-1.E0,0.E0));
#774=VECTOR('',#773,5.E0);
#775=CARTESIAN_POINT('',(9.35E0,5.E0,2.5E1));
#776=LINE('',#775,#774);
#777=CARTESIAN_POINT('',(-1.25E1,5.E0,2.5E1));
#778=DIRECTION('',(0.E0,1.E0,0.E0));
#779=DIRECTION('',(1.E0,0.E0,0.E0));
#780=AXIS2_PLACEMENT_3D('',#777,#778,#779);
#782=DIRECTION('',(0.E0,-1.E0,0.E0));
#783=VECTOR('',#782,5.E0);
#784=CARTESIAN_POINT('',(-9.35E0,5.E0,2.5E1));
#785=LINE('',#784,#783);
#786=CARTESIAN_POINT('',(-1.25E1,5.E0,2.5E1));
#787=DIRECTION('',(0.E0,1.E0,0.E0));
#788=DIRECTION('',(-1.E0,0.E0,0.E0));
#789=AXIS2_PLACEMENT_3D('',#786,#787,#788);
#791=DIRECTION('',(0.E0,-1.E0,0.E0));
#792=VECTOR('',#791,5.E0);
#793=CARTESIAN_POINT('',(-1.565E1,5.E0,2.5E1));
#794=LINE('',#793,#792);
#795=CARTESIAN_POINT('',(-2.5E1,5.E0,-1.25E1));
#796=DIRECTION('',(0.E0,1.E0,0.E0));
#797=DIRECTION('',(1.E0,0.E0,0.E0));
#798=AXIS2_PLACEMENT_3D('',#795,#796,#797);
#800=DIRECTION('',(0.E0,-1.E0,0.E0));
#801=VECTOR('',#800,5.E0);
#802=CARTESIAN_POINT('',(-2.185E1,5.E0,-1.25E1));
#803=LINE('',#802,#801);
#804=CARTESIAN_POINT('',(-2.5E1,5.E0,-1.25E1));
#805=DIRECTION('',(0.E0,1.E0,0.E0));
#806=DIRECTION('',(-1.E0,0.E0,0.E0));
#807=AXIS2_PLACEMENT_3D('',#804,#805,#806);
#809=DIRECTION('',(0.E0,-1.E0,0.E0));
#810=VECTOR('',#809,5.E0);
#811=CARTESIAN_POINT('',(-2.815E1,5.E0,-1.25E1));
#812=LINE('',#811,#810);
#813=CARTESIAN_POINT('',(-2.5E1,5.E0,1.25E1));
#814=DIRECTION('',(0.E0,1.E0,0.E0));
#815=DIRECTION('',(1.E0,0.E0,0.E0));
#816=AXIS2_PLACEMENT_3D('',#813,#814,#815);
#818=DIRECTION('',(0.E0,-1.E0,0.E0));
#819=VECTOR('',#818,5.E0);
#820=CARTESIAN_POINT('',(-2.185E1,5.E0,1.25E1));
#821=LINE('',#820,#819);
#822=CARTESIAN_POINT('',(-2.5E1,5.E0,1.25E1));
#823=DIRECTION('',(0.E0,1.E0,0.E0));
#824=DIRECTION('',(-1.E0,0.E0,0.E0));
#825=AXIS2_PLACEMENT_3D('',#822,#823,#824);
#827=DIRECTION('',(0.E0,-1.E0,0.E0));
#828=VECTOR('',#827,5.E0);
#829=CARTESIAN_POINT('',(-2.815E1,5.E0,1.25E1));
#830=LINE('',#829,#828);
#831=CARTESIAN_POINT('',(2.5E1,5.E0,1.25E1));
#832=DIRECTION('',(0.E0,1.E0,0.E0));
#833=DIRECTION('',(1.E0,0.E0,0.E0));
#834=AXIS2_PLACEMENT_3D('',#831,#832,#833);
#836=DIRECTION('',(0.E0,-1.E0,0.E0));
#837=VECTOR('',#836,5.E0);
#838=CARTESIAN_POINT('',(2.815E1,5.E0,1.25E1));
#839=LINE('',#838,#837);
#840=CARTESIAN_POINT('',(2.5E1,5.E0,1.25E1));
#841=DIRECTION('',(0.E0,1.E0,0.E0));
#842=DIRECTION('',(-1.E0,0.E0,0.E0));
#843=AXIS2_PLACEMENT_3D('',#840,#841,#842);
#845=DIRECTION('',(0.E0,-1.E0,0.E0));
#846=VECTOR('',#845,5.E0);
#847=CARTESIAN_POINT('',(2.185E1,5.E0,1.25E1));
#848=LINE('',#847,#846);
#849=CARTESIAN_POINT('',(2.5E1,5.E0,-1.25E1));
#850=DIRECTION('',(0.E0,1.E0,0.E0));
#851=DIRECTION('',(1.E0,0.E0,0.E0));
#852=AXIS2_PLACEMENT_3D('',#849,#850,#851);
#854=DIRECTION('',(0.E0,-1.E0,0.E0));
#855=VECTOR('',#854,5.E0);
#856=CARTESIAN_POINT('',(2.815E1,5.E0,-1.25E1));
#857=LINE('',#856,#855);
#858=CARTESIAN_POINT('',(2.5E1,5.E0,-1.25E1));
#859=DIRECTION('',(0.E0,1.E0,0.E0));
#860=DIRECTION('',(-1.E0,0.E0,0.E0));
#861=AXIS2_PLACEMENT_3D('',#858,#859,#860);
#863=DIRECTION('',(0.E0,-1.E0,0.E0));
#864=VECTOR('',#863,5.E0);
#865=CARTESIAN_POINT('',(2.185E1,5.E0,-1.25E1));
#866=LINE('',#865,#864);
#867=CARTESIAN_POINT('',(9.E0,1.E1,0.E0));
#868=CARTESIAN_POINT('',(-9.E0,1.E1,0.E0));
#869=VERTEX_POINT('',#867);
#870=VERTEX_POINT('',#868);
#871=CARTESIAN_POINT('',(-9.35E0,0.E0,-2.5E1));
#872=CARTESIAN_POINT('',(-1.565E1,0.E0,-2.5E1));
#873=VERTEX_POINT('',#871);
#874=VERTEX_POINT('',#872);
#875=CARTESIAN_POINT('',(1.565E1,0.E0,-2.5E1));
#876=CARTESIAN_POINT('',(9.35E0,0.E0,-2.5E1));
#877=VERTEX_POINT('',#875);
#878=VERTEX_POINT('',#876);
#879=CARTESIAN_POINT('',(1.565E1,0.E0,2.5E1));
#880=CARTESIAN_POINT('',(9.35E0,0.E0,2.5E1));
#881=VERTEX_POINT('',#879);
#882=VERTEX_POINT('',#880);
#883=CARTESIAN_POINT('',(-9.35E0,0.E0,2.5E1));
#884=CARTESIAN_POINT('',(-1.565E1,0.E0,2.5E1));
#885=VERTEX_POINT('',#883);
#886=VERTEX_POINT('',#884);
#887=CARTESIAN_POINT('',(-2.185E1,0.E0,-1.25E1));
#888=CARTESIAN_POINT('',(-2.815E1,0.E0,-1.25E1));
#889=VERTEX_POINT('',#887);
#890=VERTEX_POINT('',#888);
#891=CARTESIAN_POINT('',(-2.185E1,0.E0,1.25E1));
#892=CARTESIAN_POINT('',(-2.815E1,0.E0,1.25E1));
#893=VERTEX_POINT('',#891);
#894=VERTEX_POINT('',#892);
#895=CARTESIAN_POINT('',(2.815E1,0.E0,1.25E1));
#896=CARTESIAN_POINT('',(2.185E1,0.E0,1.25E1));
#897=VERTEX_POINT('',#895);
#898=VERTEX_POINT('',#896);
#899=CARTESIAN_POINT('',(2.815E1,0.E0,-1.25E1));
#900=CARTESIAN_POINT('',(2.185E1,0.E0,-1.25E1));
#901=VERTEX_POINT('',#899);
#902=VERTEX_POINT('',#900);
#903=CARTESIAN_POINT('',(-1.96E1,5.E0,-1.25E1));
#904=CARTESIAN_POINT('',(-3.04E1,5.E0,-1.25E1));
#905=VERTEX_POINT('',#903);
#906=VERTEX_POINT('',#904);
#907=CARTESIAN_POINT('',(-7.1E0,5.E0,-2.5E1));
#908=CARTESIAN_POINT('',(-1.79E1,5.E0,-2.5E1));
#909=VERTEX_POINT('',#907);
#910=VERTEX_POINT('',#908);
#911=CARTESIAN_POINT('',(1.79E1,5.E0,-2.5E1));
#912=CARTESIAN_POINT('',(7.1E0,5.E0,-2.5E1));
#913=VERTEX_POINT('',#911);
#914=VERTEX_POINT('',#912);
#915=CARTESIAN_POINT('',(3.04E1,5.E0,-1.25E1));
#916=CARTESIAN_POINT('',(1.96E1,5.E0,-1.25E1));
#917=VERTEX_POINT('',#915);
#918=VERTEX_POINT('',#916);
#919=CARTESIAN_POINT('',(3.04E1,5.E0,1.25E1));
#920=CARTESIAN_POINT('',(1.96E1,5.E0,1.25E1));
#921=VERTEX_POINT('',#919);
#922=VERTEX_POINT('',#920);
#923=CARTESIAN_POINT('',(1.79E1,5.E0,2.5E1));
#924=CARTESIAN_POINT('',(7.1E0,5.E0,2.5E1));
#925=VERTEX_POINT('',#923);
#926=VERTEX_POINT('',#924);
#927=CARTESIAN_POINT('',(-7.1E0,5.E0,2.5E1));
#928=CARTESIAN_POINT('',(-1.79E1,5.E0,2.5E1));
#929=VERTEX_POINT('',#927);
#930=VERTEX_POINT('',#928);
#931=CARTESIAN_POINT('',(-1.96E1,5.E0,1.25E1));
#932=CARTESIAN_POINT('',(-3.04E1,5.E0,1.25E1));
#933=VERTEX_POINT('',#931);
#934=VERTEX_POINT('',#932);
#935=CARTESIAN_POINT('',(-1.96E1,1.E1,-1.25E1));
#936=CARTESIAN_POINT('',(-3.04E1,1.E1,-1.25E1));
#937=VERTEX_POINT('',#935);
#938=VERTEX_POINT('',#936);
#939=CARTESIAN_POINT('',(-7.1E0,1.E1,-2.5E1));
#940=CARTESIAN_POINT('',(-1.79E1,1.E1,-2.5E1));
#941=VERTEX_POINT('',#939);
#942=VERTEX_POINT('',#940);
#943=CARTESIAN_POINT('',(1.79E1,1.E1,-2.5E1));
#944=CARTESIAN_POINT('',(7.1E0,1.E1,-2.5E1));
#945=VERTEX_POINT('',#943);
#946=VERTEX_POINT('',#944);
#947=CARTESIAN_POINT('',(3.04E1,1.E1,-1.25E1));
#948=CARTESIAN_POINT('',(1.96E1,1.E1,-1.25E1));
#949=VERTEX_POINT('',#947);
#950=VERTEX_POINT('',#948);
#951=CARTESIAN_POINT('',(3.04E1,1.E1,1.25E1));
#952=CARTESIAN_POINT('',(1.96E1,1.E1,1.25E1));
#953=VERTEX_POINT('',#951);
#954=VERTEX_POINT('',#952);
#955=CARTESIAN_POINT('',(1.79E1,1.E1,2.5E1));
#956=CARTESIAN_POINT('',(7.1E0,1.E1,2.5E1));
#957=VERTEX_POINT('',#955);
#958=VERTEX_POINT('',#956);
#959=CARTESIAN_POINT('',(-7.1E0,1.E1,2.5E1));
#960=CARTESIAN_POINT('',(-1.79E1,1.E1,2.5E1));
#961=VERTEX_POINT('',#959);
#962=VERTEX_POINT('',#960);
#963=CARTESIAN_POINT('',(-1.96E1,1.E1,1.25E1));
#964=CARTESIAN_POINT('',(-3.04E1,1.E1,1.25E1));
#965=VERTEX_POINT('',#963);
#966=VERTEX_POINT('',#964);
#967=CARTESIAN_POINT('',(-9.35E0,5.E0,-2.5E1));
#968=CARTESIAN_POINT('',(-1.565E1,5.E0,-2.5E1));
#969=VERTEX_POINT('',#967);
#970=VERTEX_POINT('',#968);
#971=CARTESIAN_POINT('',(1.565E1,5.E0,-2.5E1));
#972=CARTESIAN_POINT('',(9.35E0,5.E0,-2.5E1));
#973=VERTEX_POINT('',#971);
#974=VERTEX_POINT('',#972);
#975=CARTESIAN_POINT('',(1.565E1,5.E0,2.5E1));
#976=CARTESIAN_POINT('',(9.35E0,5.E0,2.5E1));
#977=VERTEX_POINT('',#975);
#978=VERTEX_POINT('',#976);
#979=CARTESIAN_POINT('',(-9.35E0,5.E0,2.5E1));
#980=CARTESIAN_POINT('',(-1.565E1,5.E0,2.5E1));
#981=VERTEX_POINT('',#979);
#982=VERTEX_POINT('',#980);
#983=CARTESIAN_POINT('',(-2.185E1,5.E0,-1.25E1));
#984=CARTESIAN_POINT('',(-2.815E1,5.E0,-1.25E1));
#985=VERTEX_POINT('',#983);
#986=VERTEX_POINT('',#984);
#987=CARTESIAN_POINT('',(-2.185E1,5.E0,1.25E1));
#988=CARTESIAN_POINT('',(-2.815E1,5.E0,1.25E1));
#989=VERTEX_POINT('',#987);
#990=VERTEX_POINT('',#988);
#991=CARTESIAN_POINT('',(2.815E1,5.E0,1.25E1));
#992=CARTESIAN_POINT('',(2.185E1,5.E0,1.25E1));
#993=VERTEX_POINT('',#991);
#994=VERTEX_POINT('',#992);
#995=CARTESIAN_POINT('',(2.815E1,5.E0,-1.25E1));
#996=CARTESIAN_POINT('',(2.185E1,5.E0,-1.25E1));
#997=VERTEX_POINT('',#995);
#998=VERTEX_POINT('',#996);
#999=CARTESIAN_POINT('',(-3.5E1,0.E0,-2.5E1));
#1000=CARTESIAN_POINT('',(-2.5E1,0.E0,-3.5E1));
#1001=VERTEX_POINT('',#999);
#1002=VERTEX_POINT('',#1000);
#1003=CARTESIAN_POINT('',(-2.5E1,1.E1,-3.5E1));
#1004=VERTEX_POINT('',#1003);
#1005=CARTESIAN_POINT('',(-3.5E1,1.E1,-2.5E1));
#1006=VERTEX_POINT('',#1005);
#1007=CARTESIAN_POINT('',(2.5E1,0.E0,-3.5E1));
#1008=CARTESIAN_POINT('',(3.5E1,0.E0,-2.5E1));
#1009=VERTEX_POINT('',#1007);
#1010=VERTEX_POINT('',#1008);
#1011=CARTESIAN_POINT('',(3.5E1,1.E1,-2.5E1));
#1012=VERTEX_POINT('',#1011);
#1013=CARTESIAN_POINT('',(2.5E1,1.E1,-3.5E1));
#1014=VERTEX_POINT('',#1013);
#1015=CARTESIAN_POINT('',(3.5E1,0.E0,2.5E1));
#1016=CARTESIAN_POINT('',(2.5E1,0.E0,3.5E1));
#1017=VERTEX_POINT('',#1015);
#1018=VERTEX_POINT('',#1016);
#1019=CARTESIAN_POINT('',(2.5E1,1.E1,3.5E1));
#1020=VERTEX_POINT('',#1019);
#1021=CARTESIAN_POINT('',(3.5E1,1.E1,2.5E1));
#1022=VERTEX_POINT('',#1021);
#1023=CARTESIAN_POINT('',(-3.5E1,0.E0,2.5E1));
#1024=VERTEX_POINT('',#1023);
#1025=CARTESIAN_POINT('',(-2.5E1,0.E0,3.5E1));
#1026=VERTEX_POINT('',#1025);
#1027=CARTESIAN_POINT('',(-3.5E1,1.E1,2.5E1));
#1028=VERTEX_POINT('',#1027);
#1029=CARTESIAN_POINT('',(-2.5E1,1.E1,3.5E1));
#1030=VERTEX_POINT('',#1029);
#1031=VERTEX_POINT('',#549);
#1032=VERTEX_POINT('',#561);
#1033=VERTEX_POINT('',#563);
#1034=VERTEX_POINT('',#503);
#1035=CARTESIAN_POINT('',(-1.579473628050E-7,3.349999999999E1,
-5.999999999995E0));
#1036=VERTEX_POINT('',#1035);
#1037=CARTESIAN_POINT('',(1.566536395252E-7,3.349999999999E1,5.999999999995E0));
#1038=VERTEX_POINT('',#1037);
#1039=CARTESIAN_POINT('',(5.5E0,4.E1,8.E0));
#1040=CARTESIAN_POINT('',(-5.5E0,4.E1,8.E0));
#1041=VERTEX_POINT('',#1039);
#1042=VERTEX_POINT('',#1040);
#1043=CARTESIAN_POINT('',(6.E0,4.E1,7.5E0));
#1044=CARTESIAN_POINT('',(-6.E0,4.E1,7.5E0));
#1045=VERTEX_POINT('',#1043);
#1046=VERTEX_POINT('',#1044);
#1047=CARTESIAN_POINT('',(-5.5E0,4.E1,-8.E0));
#1048=CARTESIAN_POINT('',(5.5E0,4.E1,-8.E0));
#1049=VERTEX_POINT('',#1047);
#1050=VERTEX_POINT('',#1048);
#1051=CARTESIAN_POINT('',(-6.E0,4.E1,-7.5E0));
#1052=CARTESIAN_POINT('',(6.E0,4.E1,-7.5E0));
#1053=VERTEX_POINT('',#1051);
#1054=VERTEX_POINT('',#1052);
#1055=CARTESIAN_POINT('',(6.231260766490E0,3.336873923351E1,
5.161527173506E-10));
#1056=CARTESIAN_POINT('',(1.341487225449E-8,3.336873923351E1,
-6.231260766490E0));
#1057=VERTEX_POINT('',#1055);
#1058=VERTEX_POINT('',#1056);
#1059=CARTESIAN_POINT('',(-6.E0,3.350000001844E1,3.135441028584E-8));
#1060=VERTEX_POINT('',#1059);
#1061=CARTESIAN_POINT('',(-6.231260393129E0,3.336873960687E1,
-5.161523742526E-10));
#1062=VERTEX_POINT('',#1061);
#1063=CARTESIAN_POINT('',(9.E0,3.039289321881E1,0.E0));
#1064=CARTESIAN_POINT('',(-9.E0,3.039289321881E1,0.E0));
#1065=VERTEX_POINT('',#1063);
#1066=VERTEX_POINT('',#1064);
#1067=CARTESIAN_POINT('',(8.853553390593E0,3.074644660941E1,
7.333661895536E-10));
#1068=CARTESIAN_POINT('',(-8.853553390593E0,3.074644660941E1,
-7.333621970189E-10));
#1069=VERTEX_POINT('',#1067);
#1070=VERTEX_POINT('',#1068);
#1071=CARTESIAN_POINT('',(0.E0,0.E0,0.E0));
#1072=DIRECTION('',(0.E0,1.E0,0.E0));
#1073=DIRECTION('',(1.E0,0.E0,0.E0));
#1074=AXIS2_PLACEMENT_3D('',#1071,#1072,#1073);
#1075=PLANE('',#1074);
#1077=ORIENTED_EDGE('',*,*,#1076,.F.);
#1079=ORIENTED_EDGE('',*,*,#1078,.T.);
#1081=ORIENTED_EDGE('',*,*,#1080,.F.);
#1083=ORIENTED_EDGE('',*,*,#1082,.T.);
#1085=ORIENTED_EDGE('',*,*,#1084,.F.);
#1087=ORIENTED_EDGE('',*,*,#1086,.T.);
#1089=ORIENTED_EDGE('',*,*,#1088,.F.);
#1091=ORIENTED_EDGE('',*,*,#1090,.T.);
#1092=EDGE_LOOP('',(#1077,#1079,#1081,#1083,#1085,#1087,#1089,#1091));
#1093=FACE_OUTER_BOUND('',#1092,.F.);
#1095=ORIENTED_EDGE('',*,*,#1094,.F.);
#1097=ORIENTED_EDGE('',*,*,#1096,.F.);
#1098=EDGE_LOOP('',(#1095,#1097));
#1099=FACE_BOUND('',#1098,.F.);
#1101=ORIENTED_EDGE('',*,*,#1100,.F.);
#1103=ORIENTED_EDGE('',*,*,#1102,.F.);
#1104=EDGE_LOOP('',(#1101,#1103));
#1105=FACE_BOUND('',#1104,.F.);
#1107=ORIENTED_EDGE('',*,*,#1106,.F.);
#1109=ORIENTED_EDGE('',*,*,#1108,.F.);
#1110=EDGE_LOOP('',(#1107,#1109));
#1111=FACE_BOUND('',#1110,.F.);
#1113=ORIENTED_EDGE('',*,*,#1112,.F.);
#1115=ORIENTED_EDGE('',*,*,#1114,.F.);
#1116=EDGE_LOOP('',(#1113,#1115));
#1117=FACE_BOUND('',#1116,.F.);
#1119=ORIENTED_EDGE('',*,*,#1118,.F.);
#1121=ORIENTED_EDGE('',*,*,#1120,.F.);
#1122=EDGE_LOOP('',(#1119,#1121));
#1123=FACE_BOUND('',#1122,.F.);
#1125=ORIENTED_EDGE('',*,*,#1124,.F.);
#1127=ORIENTED_EDGE('',*,*,#1126,.F.);
#1128=EDGE_LOOP('',(#1125,#1127));
#1129=FACE_BOUND('',#1128,.F.);
#1131=ORIENTED_EDGE('',*,*,#1130,.F.);
#1133=ORIENTED_EDGE('',*,*,#1132,.F.);
#1134=EDGE_LOOP('',(#1131,#1133));
#1135=FACE_BOUND('',#1134,.F.);
#1137=ORIENTED_EDGE('',*,*,#1136,.F.);
#1139=ORIENTED_EDGE('',*,*,#1138,.F.);
#1140=EDGE_LOOP('',(#1137,#1139));
#1141=FACE_BOUND('',#1140,.F.);
#1142=ADVANCED_FACE('',(#1093,#1099,#1105,#1111,#1117,#1123,#1129,#1135,#1141),
#1075,.F.);
#1143=CARTESIAN_POINT('',(-1.25E1,1.E1,-2.5E1));
#1144=DIRECTION('',(0.E0,1.E0,0.E0));
#1145=DIRECTION('',(1.E0,0.E0,0.E0));
#1146=AXIS2_PLACEMENT_3D('',#1143,#1144,#1145);
#1147=CYLINDRICAL_SURFACE('',#1146,3.15E0);
#1149=ORIENTED_EDGE('',*,*,#1148,.F.);
#1151=ORIENTED_EDGE('',*,*,#1150,.T.);
#1152=ORIENTED_EDGE('',*,*,#1136,.T.);
#1154=ORIENTED_EDGE('',*,*,#1153,.F.);
#1155=EDGE_LOOP('',(#1149,#1151,#1152,#1154));
#1156=FACE_OUTER_BOUND('',#1155,.F.);
#1157=ADVANCED_FACE('',(#1156),#1147,.F.);
#1158=CARTESIAN_POINT('',(0.E0,5.E0,0.E0));
#1159=DIRECTION('',(0.E0,1.E0,0.E0));
#1160=DIRECTION('',(1.E0,0.E0,0.E0));
#1161=AXIS2_PLACEMENT_3D('',#1158,#1159,#1160);
#1162=PLANE('',#1161);
#1164=ORIENTED_EDGE('',*,*,#1163,.F.);
#1166=ORIENTED_EDGE('',*,*,#1165,.F.);
#1167=EDGE_LOOP('',(#1164,#1166));
#1168=FACE_OUTER_BOUND('',#1167,.F.);
#1170=ORIENTED_EDGE('',*,*,#1169,.T.);
#1172=ORIENTED_EDGE('',*,*,#1171,.T.);
#1173=EDGE_LOOP('',(#1170,#1172));
#1174=FACE_BOUND('',#1173,.F.);
#1175=ADVANCED_FACE('',(#1168,#1174),#1162,.T.);
#1176=CARTESIAN_POINT('',(0.E0,5.E0,0.E0));
#1177=DIRECTION('',(0.E0,1.E0,0.E0));
#1178=DIRECTION('',(1.E0,0.E0,0.E0));
#1179=AXIS2_PLACEMENT_3D('',#1176,#1177,#1178);
#1180=PLANE('',#1179);
#1182=ORIENTED_EDGE('',*,*,#1181,.F.);
#1184=ORIENTED_EDGE('',*,*,#1183,.F.);
#1185=EDGE_LOOP('',(#1182,#1184));
#1186=FACE_OUTER_BOUND('',#1185,.F.);
#1187=ORIENTED_EDGE('',*,*,#1148,.T.);
#1189=ORIENTED_EDGE('',*,*,#1188,.T.);
#1190=EDGE_LOOP('',(#1187,#1189));
#1191=FACE_BOUND('',#1190,.F.);
#1192=ADVANCED_FACE('',(#1186,#1191),#1180,.T.);
#1193=CARTESIAN_POINT('',(0.E0,5.E0,0.E0));
#1194=DIRECTION('',(0.E0,1.E0,0.E0));
#1195=DIRECTION('',(1.E0,0.E0,0.E0));
#1196=AXIS2_PLACEMENT_3D('',#1193,#1194,#1195);
#1197=PLANE('',#1196);
#1199=ORIENTED_EDGE('',*,*,#1198,.F.);
#1201=ORIENTED_EDGE('',*,*,#1200,.F.);
#1202=EDGE_LOOP('',(#1199,#1201));
#1203=FACE_OUTER_BOUND('',#1202,.F.);
#1205=ORIENTED_EDGE('',*,*,#1204,.T.);
#1207=ORIENTED_EDGE('',*,*,#1206,.T.);
#1208=EDGE_LOOP('',(#1205,#1207));
#1209=FACE_BOUND('',#1208,.F.);
#1210=ADVANCED_FACE('',(#1203,#1209),#1197,.T.);
#1211=CARTESIAN_POINT('',(0.E0,5.E0,0.E0));
#1212=DIRECTION('',(0.E0,1.E0,0.E0));
#1213=DIRECTION('',(1.E0,0.E0,0.E0));
#1214=AXIS2_PLACEMENT_3D('',#1211,#1212,#1213);
#1215=PLANE('',#1214);
#1217=ORIENTED_EDGE('',*,*,#1216,.F.);
#1219=ORIENTED_EDGE('',*,*,#1218,.F.);
#1220=EDGE_LOOP('',(#1217,#1219));
#1221=FACE_OUTER_BOUND('',#1220,.F.);
#1223=ORIENTED_EDGE('',*,*,#1222,.T.);
#1225=ORIENTED_EDGE('',*,*,#1224,.T.);
#1226=EDGE_LOOP('',(#1223,#1225));
#1227=FACE_BOUND('',#1226,.F.);
#1228=ADVANCED_FACE('',(#1221,#1227),#1215,.T.);
#1229=CARTESIAN_POINT('',(0.E0,5.E0,0.E0));
#1230=DIRECTION('',(0.E0,1.E0,0.E0));
#1231=DIRECTION('',(1.E0,0.E0,0.E0));
#1232=AXIS2_PLACEMENT_3D('',#1229,#1230,#1231);
#1233=PLANE('',#1232);
#1235=ORIENTED_EDGE('',*,*,#1234,.F.);
#1237=ORIENTED_EDGE('',*,*,#1236,.F.);
#1238=EDGE_LOOP('',(#1235,#1237));
#1239=FACE_OUTER_BOUND('',#1238,.F.);
#1241=ORIENTED_EDGE('',*,*,#1240,.T.);
#1243=ORIENTED_EDGE('',*,*,#1242,.T.);
#1244=EDGE_LOOP('',(#1241,#1243));
#1245=FACE_BOUND('',#1244,.F.);
#1246=ADVANCED_FACE('',(#1239,#1245),#1233,.T.);
#1247=CARTESIAN_POINT('',(0.E0,5.E0,0.E0));
#1248=DIRECTION('',(0.E0,1.E0,0.E0));
#1249=DIRECTION('',(1.E0,0.E0,0.E0));
#1250=AXIS2_PLACEMENT_3D('',#1247,#1248,#1249);
#1251=PLANE('',#1250);
#1253=ORIENTED_EDGE('',*,*,#1252,.F.);
#1255=ORIENTED_EDGE('',*,*,#1254,.F.);
#1256=EDGE_LOOP('',(#1253,#1255));
#1257=FACE_OUTER_BOUND('',#1256,.F.);
#1259=ORIENTED_EDGE('',*,*,#1258,.T.);
#1261=ORIENTED_EDGE('',*,*,#1260,.T.);
#1262=EDGE_LOOP('',(#1259,#1261));
#1263=FACE_BOUND('',#1262,.F.);
#1264=ADVANCED_FACE('',(#1257,#1263),#1251,.T.);
#1265=CARTESIAN_POINT('',(0.E0,5.E0,0.E0));
#1266=DIRECTION('',(0.E0,1.E0,0.E0));
#1267=DIRECTION('',(1.E0,0.E0,0.E0));
#1268=AXIS2_PLACEMENT_3D('',#1265,#1266,#1267);
#1269=PLANE('',#1268);
#1271=ORIENTED_EDGE('',*,*,#1270,.F.);
#1273=ORIENTED_EDGE('',*,*,#1272,.F.);
#1274=EDGE_LOOP('',(#1271,#1273));
#1275=FACE_OUTER_BOUND('',#1274,.F.);
#1277=ORIENTED_EDGE('',*,*,#1276,.T.);
#1279=ORIENTED_EDGE('',*,*,#1278,.T.);
#1280=EDGE_LOOP('',(#1277,#1279));
#1281=FACE_BOUND('',#1280,.F.);
#1282=ADVANCED_FACE('',(#1275,#1281),#1269,.T.);
#1283=CARTESIAN_POINT('',(0.E0,5.E0,0.E0));
#1284=DIRECTION('',(0.E0,1.E0,0.E0));
#1285=DIRECTION('',(1.E0,0.E0,0.E0));
#1286=AXIS2_PLACEMENT_3D('',#1283,#1284,#1285);
#1287=PLANE('',#1286);
#1289=ORIENTED_EDGE('',*,*,#1288,.F.);
#1291=ORIENTED_EDGE('',*,*,#1290,.F.);
#1292=EDGE_LOOP('',(#1289,#1291));
#1293=FACE_OUTER_BOUND('',#1292,.F.);
#1295=ORIENTED_EDGE('',*,*,#1294,.T.);
#1297=ORIENTED_EDGE('',*,*,#1296,.T.);
#1298=EDGE_LOOP('',(#1295,#1297));
#1299=FACE_BOUND('',#1298,.F.);
#1300=ADVANCED_FACE('',(#1293,#1299),#1287,.T.);
#1301=CARTESIAN_POINT('',(-2.5E1,1.E1,-1.25E1));
#1302=DIRECTION('',(0.E0,1.E0,0.E0));
#1303=DIRECTION('',(1.E0,0.E0,0.E0));
#1304=AXIS2_PLACEMENT_3D('',#1301,#1302,#1303);
#1305=CYLINDRICAL_SURFACE('',#1304,5.4E0);
#1307=ORIENTED_EDGE('',*,*,#1306,.F.);
#1309=ORIENTED_EDGE('',*,*,#1308,.T.);
#1310=ORIENTED_EDGE('',*,*,#1163,.T.);
#1312=ORIENTED_EDGE('',*,*,#1311,.F.);
#1313=EDGE_LOOP('',(#1307,#1309,#1310,#1312));
#1314=FACE_OUTER_BOUND('',#1313,.F.);
#1315=ADVANCED_FACE('',(#1314),#1305,.F.);
#1316=CARTESIAN_POINT('',(0.E0,1.E1,0.E0));
#1317=DIRECTION('',(0.E0,1.E0,0.E0));
#1318=DIRECTION('',(1.E0,0.E0,0.E0));
#1319=AXIS2_PLACEMENT_3D('',#1316,#1317,#1318);
#1320=PLANE('',#1319);
#1322=ORIENTED_EDGE('',*,*,#1321,.F.);
#1324=ORIENTED_EDGE('',*,*,#1323,.F.);
#1326=ORIENTED_EDGE('',*,*,#1325,.F.);
#1328=ORIENTED_EDGE('',*,*,#1327,.F.);
#1330=ORIENTED_EDGE('',*,*,#1329,.F.);
#1332=ORIENTED_EDGE('',*,*,#1331,.F.);
#1334=ORIENTED_EDGE('',*,*,#1333,.F.);
#1336=ORIENTED_EDGE('',*,*,#1335,.F.);
#1337=EDGE_LOOP('',(#1322,#1324,#1326,#1328,#1330,#1332,#1334,#1336));
#1338=FACE_OUTER_BOUND('',#1337,.F.);
#1339=ORIENTED_EDGE('',*,*,#1306,.T.);
#1341=ORIENTED_EDGE('',*,*,#1340,.T.);
#1342=EDGE_LOOP('',(#1339,#1341));
#1343=FACE_BOUND('',#1342,.F.);
#1345=ORIENTED_EDGE('',*,*,#1344,.T.);
#1347=ORIENTED_EDGE('',*,*,#1346,.T.);
#1348=EDGE_LOOP('',(#1345,#1347));
#1349=FACE_BOUND('',#1348,.F.);
#1351=ORIENTED_EDGE('',*,*,#1350,.T.);
#1353=ORIENTED_EDGE('',*,*,#1352,.T.);
#1354=EDGE_LOOP('',(#1351,#1353));
#1355=FACE_BOUND('',#1354,.F.);
#1357=ORIENTED_EDGE('',*,*,#1356,.T.);
#1359=ORIENTED_EDGE('',*,*,#1358,.T.);
#1360=EDGE_LOOP('',(#1357,#1359));
#1361=FACE_BOUND('',#1360,.F.);
#1363=ORIENTED_EDGE('',*,*,#1362,.T.);
#1365=ORIENTED_EDGE('',*,*,#1364,.T.);
#1366=EDGE_LOOP('',(#1363,#1365));
#1367=FACE_BOUND('',#1366,.F.);
#1369=ORIENTED_EDGE('',*,*,#1368,.T.);
#1371=ORIENTED_EDGE('',*,*,#1370,.T.);
#1372=EDGE_LOOP('',(#1369,#1371));
#1373=FACE_BOUND('',#1372,.F.);
#1375=ORIENTED_EDGE('',*,*,#1374,.T.);
#1377=ORIENTED_EDGE('',*,*,#1376,.T.);
#1378=EDGE_LOOP('',(#1375,#1377));
#1379=FACE_BOUND('',#1378,.F.);
#1381=ORIENTED_EDGE('',*,*,#1380,.T.);
#1383=ORIENTED_EDGE('',*,*,#1382,.T.);
#1384=EDGE_LOOP('',(#1381,#1383));
#1385=FACE_BOUND('',#1384,.F.);
#1387=ORIENTED_EDGE('',*,*,#1386,.T.);
#1389=ORIENTED_EDGE('',*,*,#1388,.T.);
#1390=EDGE_LOOP('',(#1387,#1389));
#1391=FACE_BOUND('',#1390,.F.);
#1392=ADVANCED_FACE('',(#1338,#1343,#1349,#1355,#1361,#1367,#1373,#1379,#1385,
#1391),#1320,.T.);
#1393=CARTESIAN_POINT('',(0.E0,1.E1,0.E0));
#1394=DIRECTION('',(0.E0,1.E0,0.E0));
#1395=DIRECTION('',(1.E0,0.E0,0.E0));
#1396=AXIS2_PLACEMENT_3D('',#1393,#1394,#1395);
#1397=CYLINDRICAL_SURFACE('',#1396,9.E0);
#1399=ORIENTED_EDGE('',*,*,#1398,.F.);
#1401=ORIENTED_EDGE('',*,*,#1400,.F.);
#1402=ORIENTED_EDGE('',*,*,#1386,.F.);
#1404=ORIENTED_EDGE('',*,*,#1403,.T.);
#1405=EDGE_LOOP('',(#1399,#1401,#1402,#1404));
#1406=FACE_OUTER_BOUND('',#1405,.F.);
#1407=ADVANCED_FACE('',(#1406),#1397,.T.);
#1408=CARTESIAN_POINT('',(0.E0,3.039289321881E1,0.E0));
#1409=DIRECTION('',(0.E0,1.E0,0.E0));
#1410=DIRECTION('',(-9.998650634428E-1,0.E0,1.642726108076E-2));
#1411=AXIS2_PLACEMENT_3D('',#1408,#1409,#1410);
#1412=TOROIDAL_SURFACE('',#1411,8.5E0,5.E-1);
#1413=ORIENTED_EDGE('',*,*,#1398,.T.);
#1415=ORIENTED_EDGE('',*,*,#1414,.T.);
#1417=ORIENTED_EDGE('',*,*,#1416,.F.);
#1419=ORIENTED_EDGE('',*,*,#1418,.F.);
#1420=EDGE_LOOP('',(#1413,#1415,#1417,#1419));
#1421=FACE_OUTER_BOUND('',#1420,.F.);
#1422=ADVANCED_FACE('',(#1421),#1412,.T.);
#1423=CARTESIAN_POINT('',(0.E0,3.039289321881E1,0.E0));
#1424=DIRECTION('',(0.E0,1.E0,0.E0));
#1425=DIRECTION('',(9.998650634428E-1,0.E0,-1.642726108077E-2));
#1426=AXIS2_PLACEMENT_3D('',#1423,#1424,#1425);
#1427=TOROIDAL_SURFACE('',#1426,8.5E0,5.E-1);
#1429=ORIENTED_EDGE('',*,*,#1428,.T.);
#1430=ORIENTED_EDGE('',*,*,#1418,.T.);
#1432=ORIENTED_EDGE('',*,*,#1431,.F.);
#1433=ORIENTED_EDGE('',*,*,#1414,.F.);
#1434=EDGE_LOOP('',(#1429,#1430,#1432,#1433));
#1435=FACE_OUTER_BOUND('',#1434,.F.);
#1436=ADVANCED_FACE('',(#1435),#1427,.T.);
#1437=CARTESIAN_POINT('',(0.E0,1.E1,0.E0));
#1438=DIRECTION('',(0.E0,1.E0,0.E0));
#1439=DIRECTION('',(1.E0,0.E0,0.E0));
#1440=AXIS2_PLACEMENT_3D('',#1437,#1438,#1439);
#1441=CYLINDRICAL_SURFACE('',#1440,9.E0);
#1442=ORIENTED_EDGE('',*,*,#1428,.F.);
#1443=ORIENTED_EDGE('',*,*,#1403,.F.);
#1444=ORIENTED_EDGE('',*,*,#1388,.F.);
#1445=ORIENTED_EDGE('',*,*,#1400,.T.);
#1446=EDGE_LOOP('',(#1442,#1443,#1444,#1445));
#1447=FACE_OUTER_BOUND('',#1446,.F.);
#1448=ADVANCED_FACE('',(#1447),#1441,.T.);
#1449=CARTESIAN_POINT('',(0.E0,3.205759310933E1,0.E0));
#1450=DIRECTION('',(0.E0,-1.E0,0.E0));
#1451=DIRECTION('',(0.E0,0.E0,-1.E0));
#1452=AXIS2_PLACEMENT_3D('',#1449,#1450,#1451);
#1453=CONICAL_SURFACE('',#1452,7.542406890673E0,4.5E1);
#1455=ORIENTED_EDGE('',*,*,#1454,.F.);
#1457=ORIENTED_EDGE('',*,*,#1456,.F.);
#1458=ORIENTED_EDGE('',*,*,#1431,.T.);
#1460=ORIENTED_EDGE('',*,*,#1459,.T.);
#1461=EDGE_LOOP('',(#1455,#1457,#1458,#1460));
#1462=FACE_OUTER_BOUND('',#1461,.F.);
#1463=ADVANCED_FACE('',(#1462),#1453,.T.);
#1464=CARTESIAN_POINT('',(0.E0,3.301518621628E1,0.E0));
#1465=DIRECTION('',(0.E0,-1.E0,0.E0));
#1466=DIRECTION('',(-3.350231056660E-4,0.E0,9.999999438798E-1));
#1467=AXIS2_PLACEMENT_3D('',#1464,#1465,#1466);
#1468=TOROIDAL_SURFACE('',#1467,5.877707002535E0,5.E-1);
#1470=ORIENTED_EDGE('',*,*,#1469,.T.);
#1472=ORIENTED_EDGE('',*,*,#1471,.T.);
#1474=ORIENTED_EDGE('',*,*,#1473,.F.);
#1475=ORIENTED_EDGE('',*,*,#1454,.T.);
#1477=ORIENTED_EDGE('',*,*,#1476,.F.);
#1479=ORIENTED_EDGE('',*,*,#1478,.T.);
#1480=EDGE_LOOP('',(#1470,#1472,#1474,#1475,#1477,#1479));
#1481=FACE_OUTER_BOUND('',#1480,.F.);
#1482=ADVANCED_FACE('',(#1481),#1468,.T.);
#1483=CARTESIAN_POINT('',(0.E0,4.E1,0.E0));
#1484=DIRECTION('',(0.E0,1.E0,0.E0));
#1485=DIRECTION('',(0.E0,0.E0,-1.E0));
#1486=AXIS2_PLACEMENT_3D('',#1483,#1484,#1485);
#1487=CYLINDRICAL_SURFACE('',#1486,6.E0);
#1488=ORIENTED_EDGE('',*,*,#1469,.F.);
#1490=ORIENTED_EDGE('',*,*,#1489,.T.);
#1492=ORIENTED_EDGE('',*,*,#1491,.T.);
#1493=EDGE_LOOP('',(#1488,#1490,#1492));
#1494=FACE_OUTER_BOUND('',#1493,.F.);
#1495=ADVANCED_FACE('',(#1494),#1487,.T.);
#1496=CARTESIAN_POINT('',(-1.171365181329E-1,3.338236644712E1,
6.013179454431E0));
#1497=CARTESIAN_POINT('',(-7.811378046186E-2,3.338154901056E1,
6.013949998592E0));
#1498=CARTESIAN_POINT('',(2.523939260101E-1,3.337810976124E1,6.017196238021E0));
#1499=CARTESIAN_POINT('',(8.886826294499E-1,3.342755905975E1,5.970480843058E0));
#1500=CARTESIAN_POINT('',(1.782317744469E0,3.364080241520E1,5.769186940288E0));
#1501=CARTESIAN_POINT('',(2.676938445998E0,3.401554513717E1,5.416032924437E0));
#1502=CARTESIAN_POINT('',(3.550562835251E0,3.457273599992E1,4.892154049646E0));
#1503=CARTESIAN_POINT('',(4.360846843681E0,3.532092967766E1,4.190605535028E0));
#1504=CARTESIAN_POINT('',(5.043329011253E0,3.623214087262E1,3.338685362825E0));
#1505=CARTESIAN_POINT('',(5.540022893754E0,3.722297235329E1,2.414967724858E0));
#1506=CARTESIAN_POINT('',(5.844968311111E0,3.819542552844E1,1.510693543596E0));
#1507=CARTESIAN_POINT('',(5.993176356350E0,3.908710849357E1,6.833360118431E-1));
#1508=CARTESIAN_POINT('',(6.019008653891E0,3.967920938211E1,1.349901522981E-1));
#1509=CARTESIAN_POINT('',(6.013413067672E0,3.997360759156E1,
-1.373856569079E-1));
#1510=CARTESIAN_POINT('',(6.012688727056E0,4.000243705437E1,
-1.640560424508E-1));
#1511=CARTESIAN_POINT('',(-1.074501346156E-1,3.378985323876E1,
5.913603392628E0));
#1512=CARTESIAN_POINT('',(-7.165265525665E-2,3.378909025477E1,
5.914262611553E0));
#1513=CARTESIAN_POINT('',(2.315163116081E-1,3.378587332313E1,5.917032024600E0));
#1514=CARTESIAN_POINT('',(8.152064264020E-1,3.383220932175E1,5.877237034138E0));
#1515=CARTESIAN_POINT('',(1.642125038166E0,3.403312821732E1,5.704224224014E0));
#1516=CARTESIAN_POINT('',(2.483296968558E0,3.438947031020E1,5.395749204750E0));
#1517=CARTESIAN_POINT('',(3.322373944949E0,3.492516894118E1,4.928741557718E0));
#1518=CARTESIAN_POINT('',(4.120140779246E0,3.565215323322E1,4.289951932876E0));
#1519=CARTESIAN_POINT('',(4.811827785079E0,3.654547023013E1,3.498643292642E0));
#1520=CARTESIAN_POINT('',(5.334184705143E0,3.752352795121E1,2.625618814514E0));
#1521=CARTESIAN_POINT('',(5.673130780857E0,3.848822328817E1,1.758775796970E0));
#1522=CARTESIAN_POINT('',(5.857222160562E0,3.937606556131E1,9.565227349142E-1));
#1523=CARTESIAN_POINT('',(5.908741490736E0,3.996736338399E1,4.196674738023E-1));
#1524=CARTESIAN_POINT('',(5.916229035793E0,4.026180620479E1,1.516806452056E-1));
#1525=CARTESIAN_POINT('',(5.916788699981E0,4.029064444291E1,1.254274451925E-1));
#1526=CARTESIAN_POINT('',(-1.074521072595E-1,3.408649301103E1,
6.210355620795E0));
#1527=CARTESIAN_POINT('',(-7.165273734795E-2,3.408576966708E1,
6.210979339739E0));
#1528=CARTESIAN_POINT('',(2.315158068471E-1,3.408271457693E1,6.213593359100E0));
#1529=CARTESIAN_POINT('',(8.152301436105E-1,3.412678417431E1,6.176078277046E0));
#1530=CARTESIAN_POINT('',(1.647520577197E0,3.431873118405E1,6.011741768078E0));
#1531=CARTESIAN_POINT('',(2.504022447623E0,3.466167809815E1,5.714805098066E0));
#1532=CARTESIAN_POINT('',(3.371233632527E0,3.518173094413E1,5.257896534492E0));
#1533=CARTESIAN_POINT('',(4.209660221515E0,3.589327535572E1,4.622635204493E0));
#1534=CARTESIAN_POINT('',(4.950325118838E0,3.677356584246E1,3.823974576946E0));
#1535=CARTESIAN_POINT('',(5.522473478008E0,3.774232459922E1,2.931769184888E0));
#1536=CARTESIAN_POINT('',(5.905599085741E0,3.870137243201E1,2.037051952687E0));
#1537=CARTESIAN_POINT('',(6.125603206512E0,3.958641878141E1,1.202475364226E0));
#1538=CARTESIAN_POINT('',(6.197878179458E0,4.017713199306E1,6.403569940562E-1));
#1539=CARTESIAN_POINT('',(6.214780056566E0,4.047160728976E1,3.588377287804E-1));
#1540=CARTESIAN_POINT('',(6.216252853139E0,4.050045191607E1,3.312500860500E-1));
#1541=CARTESIAN_POINT('',(-1.171405373951E-1,3.398677003054E1,
6.617812166761E0));
#1542=CARTESIAN_POINT('',(-7.811394772289E-2,3.398603336059E1,
6.618510379705E0));
#1543=CARTESIAN_POINT('',(2.523928975595E-1,3.398292386332E1,6.621440004475E0));
#1544=CARTESIAN_POINT('',(8.887309532659E-1,3.402775536893E1,6.579369923257E0));
#1545=CARTESIAN_POINT('',(1.793311156108E0,3.422271850557E1,6.395753985479E0));
#1546=CARTESIAN_POINT('',(2.719166612905E0,3.457016854864E1,6.066109358075E0));
#1547=CARTESIAN_POINT('',(3.650114456503E0,3.509548112194E1,5.562807367444E0));
#1548=CARTESIAN_POINT('',(4.543242721615E0,3.581221604080E1,4.868447754133E0));
#1549=CARTESIAN_POINT('',(5.325517350928E0,3.669688571921E1,4.001547906604E0));
#1550=CARTESIAN_POINT('',(5.923661298567E0,3.766877055860E1,3.038749153437E0));
#1551=CARTESIAN_POINT('',(6.318622519475E0,3.862971694310E1,2.077681255356E0));
#1552=CARTESIAN_POINT('',(6.540002780378E0,3.951570321315E1,1.184464533386E0));
#1553=CARTESIAN_POINT('',(6.608124703384E0,4.010661295662E1,5.846450850961E-1));
#1554=CARTESIAN_POINT('',(6.621710820225E0,4.040107733572E1,2.846969339931E-1));
#1555=CARTESIAN_POINT('',(6.622846986990E0,4.042991981448E1,2.553076212003E-1));
#1556=(BOUNDED_SURFACE()B_SPLINE_SURFACE(3,3,((#1496,#1497,#1498,#1499,#1500,
#1501,#1502,#1503,#1504,#1505,#1506,#1507,#1508,#1509,#1510),(#1511,#1512,#1513,
#1514,#1515,#1516,#1517,#1518,#1519,#1520,#1521,#1522,#1523,#1524,#1525),(#1526,
#1527,#1528,#1529,#1530,#1531,#1532,#1533,#1534,#1535,#1536,#1537,#1538,#1539,
#1540),(#1541,#1542,#1543,#1544,#1545,#1546,#1547,#1548,#1549,#1550,#1551,#1552,
#1553,#1554,#1555)),.UNSPECIFIED.,.F.,.F.,.F.)B_SPLINE_SURFACE_WITH_KNOTS((4,4),
(4,1,1,1,1,1,1,1,1,1,1,1,4),(0.E0,1.E0),(-9.842164827424E-3,0.E0,
7.345618130964E-2,1.501371544053E-1,2.355846167821E-1,3.321883380847E-1,
4.416264888573E-1,5.642285926708E-1,6.901741693120E-1,8.054335681194E-1,
9.083645648618E-1,1.E0,1.009946868089E0),.UNSPECIFIED.)GEOMETRIC_REPRESENTATION_ITEM()RATIONAL_B_SPLINE_SURFACE(((1.316872358676E0,1.316872358676E0,
1.316872358676E0,1.316872358676E0,1.316872358676E0,1.316872358676E0,
1.316872358676E0,1.316872358676E0,1.316872358676E0,1.316872358676E0,
1.316872358676E0,1.316872358676E0,1.316872358676E0,1.316872358676E0,
1.316872358676E0),(8.943758804414E-1,8.943758804414E-1,8.943758804414E-1,
8.943758804414E-1,8.943758804414E-1,8.943758804414E-1,8.943758804414E-1,
8.943758804414E-1,8.943758804414E-1,8.943758804414E-1,8.943758804414E-1,
8.943758804414E-1,8.943758804414E-1,8.943758804414E-1,8.943758804414E-1),(
8.943758804414E-1,8.943758804414E-1,8.943758804414E-1,8.943758804414E-1,
8.943758804414E-1,8.943758804414E-1,8.943758804414E-1,8.943758804414E-1,
8.943758804414E-1,8.943758804414E-1,8.943758804414E-1,8.943758804414E-1,
8.943758804414E-1,8.943758804414E-1,8.943758804414E-1),(1.316872358676E0,
1.316872358676E0,1.316872358676E0,1.316872358676E0,1.316872358676E0,
1.316872358676E0,1.316872358676E0,1.316872358676E0,1.316872358676E0,
1.316872358676E0,1.316872358676E0,1.316872358676E0,1.316872358676E0,
1.316872358676E0,1.316872358676E0)))REPRESENTATION_ITEM('')SURFACE());
#1557=ORIENTED_EDGE('',*,*,#1489,.F.);
#1559=ORIENTED_EDGE('',*,*,#1558,.T.);
#1561=ORIENTED_EDGE('',*,*,#1560,.T.);
#1562=EDGE_LOOP('',(#1557,#1559,#1561));
#1563=FACE_OUTER_BOUND('',#1562,.F.);
#1564=ADVANCED_FACE('',(#1563),#1556,.F.);
#1565=CARTESIAN_POINT('',(-6.012690358244E0,4.000241675519E1,
-1.640373970118E-1));
#1566=CARTESIAN_POINT('',(-6.013413940489E0,3.997359343209E1,
-1.373726671560E-1));
#1567=CARTESIAN_POINT('',(-6.019458272755E0,3.965534990751E1,
1.570648430273E-1));
#1568=CARTESIAN_POINT('',(-5.988407075628E0,3.901752482225E1,
7.478028484662E-1));
#1569=CARTESIAN_POINT('',(-5.821235057349E0,3.809731920047E1,1.601827371495E0));
#1570=CARTESIAN_POINT('',(-5.521591933248E0,3.719630072891E1,2.439900241530E0));
#1571=CARTESIAN_POINT('',(-5.118268004931E0,3.638602351475E1,3.195244771860E0));
#1572=CARTESIAN_POINT('',(-4.650556375019E0,3.569602591781E1,3.839829107957E0));
#1573=CARTESIAN_POINT('',(-4.145760095060E0,3.512237749220E1,4.376792704280E0));
#1574=CARTESIAN_POINT('',(-3.622373329154E0,3.465353104854E1,4.816473571471E0));
#1575=CARTESIAN_POINT('',(-3.094690868702E0,3.427789619447E1,5.169340753193E0));
#1576=CARTESIAN_POINT('',(-2.574901926701E0,3.398464638744E1,5.445231233932E0));
#1577=CARTESIAN_POINT('',(-2.073049519693E0,3.376314486848E1,5.653886817466E0));
#1578=CARTESIAN_POINT('',(-1.596940546288E0,3.360283229898E1,5.805056833784E0));
#1579=CARTESIAN_POINT('',(-1.151857145367E0,3.349333515141E1,5.908388559948E0));
#1580=CARTESIAN_POINT('',(-7.397578425682E-1,3.342481105988E1,
5.973088162614E0));
#1581=CARTESIAN_POINT('',(-3.595631165691E-1,3.338862353804E1,
6.007266715614E0));
#1582=CARTESIAN_POINT('',(-7.728737553716E-2,3.337994281697E1,
6.015466479337E0));
#1583=CARTESIAN_POINT('',(7.808897247476E-2,3.338154655288E1,6.013951752465E0));
#1584=CARTESIAN_POINT('',(1.171095944063E-1,3.338235392481E1,6.013189486211E0));
#1585=CARTESIAN_POINT('',(-5.916789346715E0,4.029062423435E1,
1.254458962683E-1));
#1586=CARTESIAN_POINT('',(-5.916229206640E0,4.026179209920E1,
1.516934819084E-1));
#1587=CARTESIAN_POINT('',(-5.908130789085E0,3.994350017672E1,
4.413862313164E-1));
#1588=CARTESIAN_POINT('',(-5.849463236886E0,3.930661738131E1,1.019514468264E0));
#1589=CARTESIAN_POINT('',(-5.645678544944E0,3.839072086384E1,1.846620832724E0));
#1590=CARTESIAN_POINT('',(-5.315276134124E0,3.749732982136E1,2.648835678430E0));
#1591=CARTESIAN_POINT('',(-4.890931455543E0,3.669743211072E1,3.362952767939E0));
#1592=CARTESIAN_POINT('',(-4.413023920905E0,3.601964142085E1,3.964647186605E0));
#1593=CARTESIAN_POINT('',(-3.908312142275E0,3.545924726647E1,4.459421678498E0));
#1594=CARTESIAN_POINT('',(-3.394323684861E0,3.500399618247E1,4.859275220159E0));
#1595=CARTESIAN_POINT('',(-2.884149141796E0,3.464158252470E1,5.176033177670E0));
#1596=CARTESIAN_POINT('',(-2.388458589906E0,3.436047320363E1,5.420636352479E0));
#1597=CARTESIAN_POINT('',(-1.915497623620E0,3.414943271140E1,5.603558240619E0));
#1598=CARTESIAN_POINT('',(-1.471140737015E0,3.399750478056E1,5.734823762524E0));
#1599=CARTESIAN_POINT('',(-1.058831705805E0,3.389417645713E1,5.823881920956E0));
#1600=CARTESIAN_POINT('',(-6.790693312833E-1,3.382971031630E1,
5.879351041990E0));
#1601=CARTESIAN_POINT('',(-3.298218193843E-1,3.379572953729E1,
5.908559458963E0));
#1602=CARTESIAN_POINT('',(-7.089447910793E-2,3.378758523053E1,
5.915557197283E0));
#1603=CARTESIAN_POINT('',(7.162978964200E-2,3.378908962671E1,5.914264233777E0));
#1604=CARTESIAN_POINT('',(1.074255469790E-1,3.378984641668E1,5.913613122323E0));
#1605=CARTESIAN_POINT('',(-6.216252925532E0,4.050043179414E1,
3.312695650148E-1));
#1606=CARTESIAN_POINT('',(-6.214779816901E0,4.047159324406E1,
3.588512754808E-1));
#1607=CARTESIAN_POINT('',(-6.196504313690E0,4.015326608916E1,
6.631723427560E-1));
#1608=CARTESIAN_POINT('',(-6.115319880024E0,3.951706925628E1,1.268344562917E0));
#1609=CARTESIAN_POINT('',(-5.873908239332E0,3.860430965484E1,2.128066947503E0));
#1610=CARTESIAN_POINT('',(-5.502071419043E0,3.771647118264E1,2.955244689116E0));
#1611=CARTESIAN_POINT('',(-5.037159523874E0,3.692412948099E1,3.685214651540E0));
#1612=CARTESIAN_POINT('',(-4.522786830546E0,3.625522510246E1,4.294687521979E0));
#1613=CARTESIAN_POINT('',(-3.986990504281E0,3.570447971329E1,4.791122697873E0));
#1614=CARTESIAN_POINT('',(-3.447718208776E0,3.525912569805E1,5.188396072498E0));
#1615=CARTESIAN_POINT('',(-2.918044279047E0,3.490633672781E1,5.499990759508E0));
#1616=CARTESIAN_POINT('',(-2.408257679082E0,3.463406536522E1,5.738277946780E0));
#1617=CARTESIAN_POINT('',(-1.925882870683E0,3.443064022876E1,5.914878050638E0));
#1618=CARTESIAN_POINT('',(-1.475834546918E0,3.428481609710E1,6.040623138783E0));
#1619=CARTESIAN_POINT('',(-1.060511048413E0,3.418597851745E1,6.125409576243E0));
#1620=CARTESIAN_POINT('',(-6.794431160522E-1,3.412446645934E1,
6.177985229365E0));
#1621=CARTESIAN_POINT('',(-3.298219806465E-1,3.409209213179E1,
6.205595011827E0));
#1622=CARTESIAN_POINT('',(-7.089446613792E-2,3.408433832073E1,
6.212202029759E0));
#1623=CARTESIAN_POINT('',(7.162979028210E-2,3.408577040016E1,6.210981031053E0));
#1624=CARTESIAN_POINT('',(1.074276014919E-1,3.408649036777E1,6.210365803214E0));
#1625=CARTESIAN_POINT('',(-6.622847411656E0,4.042989966638E1,
2.553283360138E-1));
#1626=CARTESIAN_POINT('',(-6.621710820435E0,4.040106327284E1,
2.847113452541E-1));
#1627=CARTESIAN_POINT('',(-6.607019340282E0,4.008274796220E1,
6.089540536572E-1));
#1628=CARTESIAN_POINT('',(-6.530089996297E0,3.944632052564E1,1.254794175938E0));
#1629=CARTESIAN_POINT('',(-6.286253068486E0,3.853250637039E1,2.175273841233E0));
#1630=CARTESIAN_POINT('',(-5.902187333490E0,3.764280126099E1,3.064208612644E0));
#1631=CARTESIAN_POINT('',(-5.416207699806E0,3.684791941544E1,3.851853372150E0));
#1632=CARTESIAN_POINT('',(-4.874198307657E0,3.617602767817E1,4.512286304038E0));
#1633=CARTESIAN_POINT('',(-4.306067260689E0,3.562203861208E1,5.052633544076E0));
#1634=CARTESIAN_POINT('',(-3.731164673694E0,3.517335744638E1,5.487057320831E0));
#1635=CARTESIAN_POINT('',(-3.163752212159E0,3.481733289354E1,5.829404338708E0));
#1636=CARTESIAN_POINT('',(-2.615242571662E0,3.454209042725E1,6.092425994596E0));
#1637=CARTESIAN_POINT('',(-2.094209460987E0,3.433610519598E1,6.288200942413E0));
#1638=CARTESIAN_POINT('',(-1.606504184148E0,3.418822911755E1,6.428123074731E0));
#1639=CARTESIAN_POINT('',(-1.155278805996E0,3.408788186059E1,6.522751169247E0));
#1640=CARTESIAN_POINT('',(-7.405194290493E-1,3.402537671271E1,
6.581555330932E0));
#1641=CARTESIAN_POINT('',(-3.595634451408E-1,3.399246233580E1,
6.612476666055E0));
#1642=CARTESIAN_POINT('',(-7.728734911077E-2,3.398457724971E1,
6.619880336973E0));
#1643=CARTESIAN_POINT('',(7.808897377897E-2,3.398603364025E1,6.618512238381E0));
#1644=CARTESIAN_POINT('',(1.171137804764E-1,3.398676598663E1,6.617823084996E0));
#1645=(BOUNDED_SURFACE()B_SPLINE_SURFACE(3,3,((#1565,#1566,#1567,#1568,#1569,
#1570,#1571,#1572,#1573,#1574,#1575,#1576,#1577,#1578,#1579,#1580,#1581,#1582,
#1583,#1584),(#1585,#1586,#1587,#1588,#1589,#1590,#1591,#1592,#1593,#1594,#1595,
#1596,#1597,#1598,#1599,#1600,#1601,#1602,#1603,#1604),(#1605,#1606,#1607,#1608,
#1609,#1610,#1611,#1612,#1613,#1614,#1615,#1616,#1617,#1618,#1619,#1620,#1621,
#1622,#1623,#1624),(#1625,#1626,#1627,#1628,#1629,#1630,#1631,#1632,#1633,#1634,
#1635,#1636,#1637,#1638,#1639,#1640,#1641,#1642,#1643,#1644)),.UNSPECIFIED.,.F.,
.F.,.F.)B_SPLINE_SURFACE_WITH_KNOTS((4,4),(4,1,1,1,1,1,1,1,1,1,1,1,1,1,1,1,1,4),
(0.E0,1.E0),(-9.936199191467E-3,0.E0,9.978188952615E-2,2.102542512471E-1,
3.199144558911E-1,4.195043031860E-1,5.077049613907E-1,5.856937121113E-1,
6.549779211886E-1,7.166083864311E-1,7.715071113180E-1,8.205361786994E-1,
8.643361214110E-1,9.035220992964E-1,9.387519478583E-1,9.706914442647E-1,1.E0,
1.009836120153E0),.UNSPECIFIED.)GEOMETRIC_REPRESENTATION_ITEM()RATIONAL_B_SPLINE_SURFACE(((1.316872411228E0,1.316872411228E0,1.316872411228E0,1.316872411228E0,
1.316872411228E0,1.316872411228E0,1.316872411228E0,1.316872411228E0,
1.316872411228E0,1.316872411228E0,1.316872411228E0,1.316872411228E0,
1.316872411228E0,1.316872411228E0,1.316872411228E0,1.316872411228E0,
1.316872411228E0,1.316872411228E0,1.316872411228E0,1.316872411228E0),(
8.943758629240E-1,8.943758629240E-1,8.943758629240E-1,8.943758629240E-1,
8.943758629240E-1,8.943758629240E-1,8.943758629240E-1,8.943758629240E-1,
8.943758629240E-1,8.943758629240E-1,8.943758629240E-1,8.943758629240E-1,
8.943758629240E-1,8.943758629240E-1,8.943758629240E-1,8.943758629240E-1,
8.943758629240E-1,8.943758629240E-1,8.943758629240E-1,8.943758629240E-1),(
8.943758629240E-1,8.943758629240E-1,8.943758629240E-1,8.943758629240E-1,
8.943758629240E-1,8.943758629240E-1,8.943758629240E-1,8.943758629240E-1,
8.943758629240E-1,8.943758629240E-1,8.943758629240E-1,8.943758629240E-1,
8.943758629240E-1,8.943758629240E-1,8.943758629240E-1,8.943758629240E-1,
8.943758629240E-1,8.943758629240E-1,8.943758629240E-1,8.943758629240E-1),(
1.316872411228E0,1.316872411228E0,1.316872411228E0,1.316872411228E0,
1.316872411228E0,1.316872411228E0,1.316872411228E0,1.316872411228E0,
1.316872411228E0,1.316872411228E0,1.316872411228E0,1.316872411228E0,
1.316872411228E0,1.316872411228E0,1.316872411228E0,1.316872411228E0,
1.316872411228E0,1.316872411228E0,1.316872411228E0,1.316872411228E0)))REPRESENTATION_ITEM('')SURFACE());
#1647=ORIENTED_EDGE('',*,*,#1646,.F.);
#1649=ORIENTED_EDGE('',*,*,#1648,.T.);
#1650=ORIENTED_EDGE('',*,*,#1558,.F.);
#1651=EDGE_LOOP('',(#1647,#1649,#1650));
#1652=FACE_OUTER_BOUND('',#1651,.F.);
#1653=ADVANCED_FACE('',(#1652),#1645,.F.);
#1654=CARTESIAN_POINT('',(0.E0,4.E1,0.E0));
#1655=DIRECTION('',(0.E0,1.E0,0.E0));
#1656=DIRECTION('',(0.E0,0.E0,-1.E0));
#1657=AXIS2_PLACEMENT_3D('',#1654,#1655,#1656);
#1658=CYLINDRICAL_SURFACE('',#1657,6.E0);
#1660=ORIENTED_EDGE('',*,*,#1659,.F.);
#1662=ORIENTED_EDGE('',*,*,#1661,.T.);
#1663=ORIENTED_EDGE('',*,*,#1646,.T.);
#1664=ORIENTED_EDGE('',*,*,#1478,.F.);
#1665=EDGE_LOOP('',(#1660,#1662,#1663,#1664));
#1666=FACE_OUTER_BOUND('',#1665,.F.);
#1667=ADVANCED_FACE('',(#1666),#1658,.T.);
#1668=CARTESIAN_POINT('',(0.E0,3.301518621628E1,0.E0));
#1669=DIRECTION('',(0.E0,-1.E0,0.E0));
#1670=DIRECTION('',(3.350231056660E-4,0.E0,-9.999999438798E-1));
#1671=AXIS2_PLACEMENT_3D('',#1668,#1669,#1670);
#1672=TOROIDAL_SURFACE('',#1671,5.877707002535E0,5.E-1);
#1673=ORIENTED_EDGE('',*,*,#1659,.T.);
#1674=ORIENTED_EDGE('',*,*,#1476,.T.);
#1676=ORIENTED_EDGE('',*,*,#1675,.F.);
#1677=ORIENTED_EDGE('',*,*,#1471,.F.);
#1678=EDGE_LOOP('',(#1673,#1674,#1676,#1677));
#1679=FACE_OUTER_BOUND('',#1678,.F.);
#1680=ADVANCED_FACE('',(#1679),#1672,.T.);
#1681=CARTESIAN_POINT('',(0.E0,3.205759310933E1,0.E0));
#1682=DIRECTION('',(0.E0,-1.E0,0.E0));
#1683=DIRECTION('',(0.E0,0.E0,-1.E0));
#1684=AXIS2_PLACEMENT_3D('',#1681,#1682,#1683);
#1685=CONICAL_SURFACE('',#1684,7.542406890673E0,4.5E1);
#1686=ORIENTED_EDGE('',*,*,#1473,.T.);
#1687=ORIENTED_EDGE('',*,*,#1675,.T.);
#1688=ORIENTED_EDGE('',*,*,#1459,.F.);
#1689=ORIENTED_EDGE('',*,*,#1416,.T.);
#1690=ORIENTED_EDGE('',*,*,#1456,.T.);
#1691=EDGE_LOOP('',(#1686,#1687,#1688,#1689,#1690));
#1692=FACE_OUTER_BOUND('',#1691,.F.);
#1693=ADVANCED_FACE('',(#1692),#1685,.T.);
#1694=CARTESIAN_POINT('',(1.171362158368E-1,3.338236635404E1,
-6.013179525849E0));
#1695=CARTESIAN_POINT('',(7.811355096200E-2,3.338154898451E1,
-6.013950014776E0));
#1696=CARTESIAN_POINT('',(-2.516150257137E-1,3.337811804769E1,
-6.017188425959E0));
#1697=CARTESIAN_POINT('',(-8.863446805912E-1,3.342731146754E1,
-5.970714799580E0));
#1698=CARTESIAN_POINT('',(-1.777684528540E0,3.363942922779E1,
-5.770482709716E0));
#1699=CARTESIAN_POINT('',(-2.670106571866E0,3.401215691370E1,
-5.419223665257E0));
#1700=CARTESIAN_POINT('',(-3.541485492333E0,3.456603107623E1,
-4.898452043219E0));
#1701=CARTESIAN_POINT('',(-4.350242498105E0,3.530958251272E1,
-4.201233349030E0));
#1702=CARTESIAN_POINT('',(-5.033971341786E0,3.621712268720E1,
-3.352707551391E0));
#1703=CARTESIAN_POINT('',(-5.534180393182E0,3.720796714948E1,
-2.428935998198E0));
#1704=CARTESIAN_POINT('',(-5.842707297623E0,3.818472100885E1,
-1.520632668113E0));
#1705=CARTESIAN_POINT('',(-5.992859116747E0,3.908198989467E1,
-6.880777243545E-1));
#1706=CARTESIAN_POINT('',(-6.019036322944E0,3.967773693463E1,
-1.363524475028E-1));
#1707=CARTESIAN_POINT('',(-6.013413130457E0,3.997360787779E1,
1.373859300656E-1));
#1708=CARTESIAN_POINT('',(-6.012688833357E0,4.000243752809E1,
1.640564898421E-1));
#1709=CARTESIAN_POINT('',(1.074498598620E-1,3.378985318870E1,
-5.913603456332E0));
#1710=CARTESIAN_POINT('',(7.165244456089E-2,3.378909024606E1,
-5.914262621447E0));
#1711=CARTESIAN_POINT('',(-2.308018501086E-1,3.378588101714E1,
-5.917025364541E0));
#1712=CARTESIAN_POINT('',(-8.130613863278E-1,3.383197761137E1,
-5.877435871170E0));
#1713=CARTESIAN_POINT('',(-1.637818682179E0,3.403183167230E1,
-5.705341973092E0));
#1714=CARTESIAN_POINT('',(-2.476824711112E0,3.438623646367E1,
-5.398554854857E0));
#1715=CARTESIAN_POINT('',(-3.313573263006E0,3.491869611856E1,
-4.934400421020E0));
#1716=CARTESIAN_POINT('',(-4.109580979069E0,3.564108574576E1,
-4.299707477775E0));
#1717=CARTESIAN_POINT('',(-4.802186376041E0,3.653069520544E1,
-3.511778576288E0));
#1718=CARTESIAN_POINT('',(-5.327865596617E0,3.750867149163E1,
-2.638931011472E0));
#1719=CARTESIAN_POINT('',(-5.670453348863E0,3.847757661032E1,
-1.768379323452E0));
#1720=CARTESIAN_POINT('',(-5.856684437844E0,3.937095613035E1,
-9.611583509304E-1));
#1721=CARTESIAN_POINT('',(-5.908703723652E0,3.996589071307E1,
-4.210078146316E-1));
#1722=CARTESIAN_POINT('',(-5.916229104638E0,4.026180649343E1,
-1.516803788169E-1));
#1723=CARTESIAN_POINT('',(-5.916788819888E0,4.029064492059E1,
-1.254270085838E-1));
#1724=CARTESIAN_POINT('',(1.074518344372E-1,3.408649299494E1,
-6.210355688117E0));
#1725=CARTESIAN_POINT('',(7.165252654396E-2,3.408576967366E1,
-6.210979350905E0));
#1726=CARTESIAN_POINT('',(-2.308013540241E-1,3.408272184233E1,
-6.213587081335E0));
#1727=CARTESIAN_POINT('',(-8.130847485435E-1,3.412656402812E1,
-6.176265356914E0));
#1728=CARTESIAN_POINT('',(-1.643172164379E0,3.431749043525E1,
-6.012806677858E0));
#1729=CARTESIAN_POINT('',(-2.497396904891E0,3.465855663646E1,
-5.717520366920E0));
#1730=CARTESIAN_POINT('',(-3.362079230806E0,3.517542708733E1,
-5.263467238710E0));
#1731=CARTESIAN_POINT('',(-4.198479330383E0,3.588241146835E1,
-4.632395840044E0));
#1732=CARTESIAN_POINT('',(-4.939894653446E0,3.675896783450E1,
-3.837313477027E0));
#1733=CARTESIAN_POINT('',(-5.515438337532E0,3.772757642353E1,
-2.945453861758E0));
#1734=CARTESIAN_POINT('',(-5.902471511190E0,3.869076786335E1,
-2.047018413484E0));
#1735=CARTESIAN_POINT('',(-6.124881440386E0,3.958131602635E1,
-1.207324417498E0));
#1736=CARTESIAN_POINT('',(-6.197793311268E0,4.017565916136E1,
-6.417650179651E-1));
#1737=CARTESIAN_POINT('',(-6.214780138789E0,4.047160758204E1,
-3.588374526432E-1));
#1738=CARTESIAN_POINT('',(-6.216252994749E0,4.050045239852E1,
-3.312496319139E-1));
#1739=CARTESIAN_POINT('',(1.171402390340E-1,3.398677000366E1,
-6.617812242528E0));
#1740=CARTESIAN_POINT('',(7.811371800253E-2,3.398603336264E1,
-6.618510395458E0));
#1741=CARTESIAN_POINT('',(-2.516140149413E-1,3.398293127342E1,
-6.621432968314E0));
#1742=CARTESIAN_POINT('',(-8.863922811093E-1,3.402753133576E1,
-6.579579921511E0));
#1743=CARTESIAN_POINT('',(-1.788592249325E0,3.422145900005E1,
-6.396942091698E0));
#1744=CARTESIAN_POINT('',(-2.712022419770E0,3.456700930651E1,
-6.069115943827E0));
#1745=CARTESIAN_POINT('',(-3.640316408986E0,3.508912046353E1,
-5.568925733517E0));
#1746=CARTESIAN_POINT('',(-4.531372902213E0,3.580128370860E1,
-4.879085936948E0));
#1747=CARTESIAN_POINT('',(-5.314551977610E0,3.668222820306E1,
-4.015984960372E0));
#1748=CARTESIAN_POINT('',(-5.916359880870E0,3.765398598099E1,
-3.053476351534E0));
#1749=CARTESIAN_POINT('',(-6.315444338091E0,3.861909821881E1,
-2.088359855758E0));
#1750=CARTESIAN_POINT('',(-6.539310549568E0,3.951059821426E1,
-1.189641121832E0));
#1751=CARTESIAN_POINT('',(-6.608056400980E0,4.010514017941E1,
-5.861452823367E-1));
#1752=CARTESIAN_POINT('',(-6.621710907227E0,4.040107762722E1,
-2.846966388620E-1));
#1753=CARTESIAN_POINT('',(-6.622847134459E0,4.042992029577E1,
-2.553071359996E-1));
#1754=(BOUNDED_SURFACE()B_SPLINE_SURFACE(3,3,((#1694,#1695,#1696,#1697,#1698,
#1699,#1700,#1701,#1702,#1703,#1704,#1705,#1706,#1707,#1708),(#1709,#1710,#1711,
#1712,#1713,#1714,#1715,#1716,#1717,#1718,#1719,#1720,#1721,#1722,#1723),(#1724,
#1725,#1726,#1727,#1728,#1729,#1730,#1731,#1732,#1733,#1734,#1735,#1736,#1737,
#1738),(#1739,#1740,#1741,#1742,#1743,#1744,#1745,#1746,#1747,#1748,#1749,#1750,
#1751,#1752,#1753)),.UNSPECIFIED.,.F.,.F.,.F.)B_SPLINE_SURFACE_WITH_KNOTS((4,4),
(4,1,1,1,1,1,1,1,1,1,1,1,4),(0.E0,1.E0),(-9.842124465150E-3,0.E0,
7.325972948788E-2,1.497468500469E-1,2.349230926362E-1,3.311745455889E-1,
4.400648379811E-1,5.620830697723E-1,6.882105366905E-1,8.041743370093E-1,
9.078579572334E-1,1.E0,1.009946760501E0),.UNSPECIFIED.)GEOMETRIC_REPRESENTATION_ITEM()RATIONAL_B_SPLINE_SURFACE(((1.316872363094E0,1.316872363094E0,
1.316872363094E0,1.316872363094E0,1.316872363094E0,1.316872363094E0,
1.316872363094E0,1.316872363094E0,1.316872363094E0,1.316872363094E0,
1.316872363094E0,1.316872363094E0,1.316872363094E0,1.316872363094E0,
1.316872363094E0),(8.943758789688E-1,8.943758789688E-1,8.943758789688E-1,
8.943758789688E-1,8.943758789688E-1,8.943758789688E-1,8.943758789688E-1,
8.943758789688E-1,8.943758789688E-1,8.943758789688E-1,8.943758789688E-1,
8.943758789688E-1,8.943758789688E-1,8.943758789688E-1,8.943758789688E-1),(
8.943758789688E-1,8.943758789688E-1,8.943758789688E-1,8.943758789688E-1,
8.943758789688E-1,8.943758789688E-1,8.943758789688E-1,8.943758789688E-1,
8.943758789688E-1,8.943758789688E-1,8.943758789688E-1,8.943758789688E-1,
8.943758789688E-1,8.943758789688E-1,8.943758789688E-1),(1.316872363094E0,
1.316872363094E0,1.316872363094E0,1.316872363094E0,1.316872363094E0,
1.316872363094E0,1.316872363094E0,1.316872363094E0,1.316872363094E0,
1.316872363094E0,1.316872363094E0,1.316872363094E0,1.316872363094E0,
1.316872363094E0,1.316872363094E0)))REPRESENTATION_ITEM('')SURFACE());
#1755=ORIENTED_EDGE('',*,*,#1661,.F.);
#1757=ORIENTED_EDGE('',*,*,#1756,.T.);
#1759=ORIENTED_EDGE('',*,*,#1758,.T.);
#1760=EDGE_LOOP('',(#1755,#1757,#1759));
#1761=FACE_OUTER_BOUND('',#1760,.F.);
#1762=ADVANCED_FACE('',(#1761),#1754,.F.);
#1763=CARTESIAN_POINT('',(6.012689935189E0,4.000241673231E1,1.640373514964E-1));
#1764=CARTESIAN_POINT('',(6.013413693509E0,3.997359351082E1,1.373727232640E-1));
#1765=CARTESIAN_POINT('',(6.019386736114E0,3.965918364724E1,
-1.535178458625E-1));
#1766=CARTESIAN_POINT('',(5.989160009616E0,3.902778569605E1,
-7.382957805737E-1));
#1767=CARTESIAN_POINT('',(5.825342813835E0,3.811453710680E1,-1.585834006260E0));
#1768=CARTESIAN_POINT('',(5.529377410700E0,3.721536736272E1,-2.422146799315E0));
#1769=CARTESIAN_POINT('',(5.128315329751E0,3.640311406615E1,-3.179295093799E0));
#1770=CARTESIAN_POINT('',(4.661253384956E0,3.570975800553E1,-3.826987163425E0));
#1771=CARTESIAN_POINT('',(4.156409114934E0,3.513306178602E1,-4.366781686477E0));
#1772=CARTESIAN_POINT('',(3.632618191967E0,3.466166490845E1,-4.808838552510E0));
#1773=CARTESIAN_POINT('',(3.104104369759E0,3.428382469872E1,-5.163766840745E0));
#1774=CARTESIAN_POINT('',(2.583199259764E0,3.398875700949E1,-5.441361063183E0));
#1775=CARTESIAN_POINT('',(2.080046345106E0,3.376581576919E1,-5.651369243957E0));
#1776=CARTESIAN_POINT('',(1.602511219798E0,3.360441127943E1,-5.803567165745E0));
#1777=CARTESIAN_POINT('',(1.155949746489E0,3.349414098984E1,-5.907627818261E0));
#1778=CARTESIAN_POINT('',(7.424031355863E-1,3.342512460141E1,
-5.972792048537E0));
#1779=CARTESIAN_POINT('',(3.608483839042E-1,3.338867704213E1,
-6.007216177705E0));
#1780=CARTESIAN_POINT('',(7.769876407843E-2,3.337993856560E1,
-6.015470498103E0));
#1781=CARTESIAN_POINT('',(-7.808887717025E-2,3.338154655993E1,
-6.013951750119E0));
#1782=CARTESIAN_POINT('',(-1.171094306927E-1,3.338235394319E1,
-6.013189474824E0));
#1783=CARTESIAN_POINT('',(5.916788934334E0,4.029062417988E1,
-1.254459095170E-1));
#1784=CARTESIAN_POINT('',(5.916228972188E0,4.026179215991E1,
-1.516934086759E-1));
#1785=CARTESIAN_POINT('',(5.908229608279E0,3.994733457329E1,
-4.378964771058E-1));
#1786=CARTESIAN_POINT('',(5.850656205362E0,3.931685707307E1,-1.010228504533E0));
#1787=CARTESIAN_POINT('',(5.650439999978E0,3.840783412525E1,-1.831200484388E0));
#1788=CARTESIAN_POINT('',(5.323647791395E0,3.751619771949E1,-2.631939942015E0));
#1789=CARTESIAN_POINT('',(4.901333037454E0,3.671426216402E1,-3.347971935424E0));
#1790=CARTESIAN_POINT('',(4.423826471880E0,3.603309289746E1,-3.952740358063E0));
#1791=CARTESIAN_POINT('',(3.918858546288E0,3.546965247641E1,-4.450260367074E0));
#1792=CARTESIAN_POINT('',(3.404300747435E0,3.501186751500E1,-4.852380218659E0));
#1793=CARTESIAN_POINT('',(2.893182395510E0,3.464728223133E1,-5.171063979940E0));
#1794=CARTESIAN_POINT('',(2.396319003381E0,3.436440000024E1,-5.417227218809E0));
#1795=CARTESIAN_POINT('',(1.922054342270E0,3.415196934285E1,-5.601363857472E0));
#1796=CARTESIAN_POINT('',(1.476316007747E0,3.399899709354E1,-5.733536442894E0));
#1797=CARTESIAN_POINT('',(1.062609765687E0,3.389493526701E1,-5.823228692609E0));
#1798=CARTESIAN_POINT('',(6.815012045885E-1,3.383000483742E1,
-5.879097843265E0));
#1799=CARTESIAN_POINT('',(3.310007794132E-1,3.379577972376E1,
-5.908516350301E0));
#1800=CARTESIAN_POINT('',(7.127183929838E-2,3.378758124348E1,
-5.915560631826E0));
#1801=CARTESIAN_POINT('',(-7.162970239862E-2,3.378908963E1,-5.914264236740E0));
#1802=CARTESIAN_POINT('',(-1.074253969155E-1,3.378984642630E1,
-5.913613116086E0));
#1803=CARTESIAN_POINT('',(6.216252490300E0,4.050043171492E1,
-3.312695550939E-1));
#1804=CARTESIAN_POINT('',(6.214779571855E0,4.047159328988E1,
-3.588511840830E-1));
#1805=CARTESIAN_POINT('',(6.196725794258E0,4.015710096214E1,
-6.595064264727E-1));
#1806=CARTESIAN_POINT('',(6.116887554314E0,3.952729352630E1,-1.258636916042E0));
#1807=CARTESIAN_POINT('',(5.879410790698E0,3.862134673568E1,-2.112087205363E0));
#1808=CARTESIAN_POINT('',(5.511360733732E0,3.773519440452E1,-2.937893324737E0));
#1809=CARTESIAN_POINT('',(5.048445320133E0,3.694076989655E1,-3.669972395537E0));
#1810=CARTESIAN_POINT('',(4.534328149811E0,3.626847229948E1,-4.282685865831E0));
#1811=CARTESIAN_POINT('',(3.998117437478E0,3.571468175537E1,-4.781977523257E0));
#1812=CARTESIAN_POINT('',(3.458127640842E0,3.526680591532E1,-5.181581990162E0));
#1813=CARTESIAN_POINT('',(2.927374722903E0,3.491186987349E1,-5.495128726366E0));
#1814=CARTESIAN_POINT('',(2.416304136089E0,3.463785833939E1,-5.734973925171E0));
#1815=CARTESIAN_POINT('',(1.93254301E0,3.443307911332E1,-5.912769409967E0));
#1816=CARTESIAN_POINT('',(1.481058588028E0,3.428624531601E1,-6.039394842520E0));
#1817=CARTESIAN_POINT('',(1.064306997066E0,3.418670308932E1,-6.124789604473E0));
#1818=CARTESIAN_POINT('',(6.818790080572E-1,3.412474713162E1,
-6.177745768228E0));
#1819=CARTESIAN_POINT('',(3.310009439025E-1,3.409213990063E1,
-6.205554322109E0));
#1820=CARTESIAN_POINT('',(7.127182625857E-2,3.408433452360E1,
-6.212205271779E0));
#1821=CARTESIAN_POINT('',(-7.162970314733E-2,3.408577039822E1,
-6.210981033148E0));
#1822=CARTESIAN_POINT('',(-1.074274514730E-1,3.408649036852E1,
-6.210365795434E0));
#1823=CARTESIAN_POINT('',(6.622846944921E0,4.042989959507E1,
-2.553283362990E-1));
#1824=CARTESIAN_POINT('',(6.621710554738E0,4.040106332326E1,
-2.847112541247E-1));
#1825=CARTESIAN_POINT('',(6.607197728968E0,4.008658267463E1,
-6.050481283917E-1));
#1826=CARTESIAN_POINT('',(6.531606395954E0,3.945654997966E1,-1.244427931011E0));
#1827=CARTESIAN_POINT('',(6.291870810975E0,3.854956906085E1,-2.158140713800E0));
#1828=CARTESIAN_POINT('',(5.911842539769E0,3.766157311903E1,-3.045526831376E0));
#1829=CARTESIAN_POINT('',(5.428056612808E0,3.686462358210E1,-3.835371046817E0));
#1830=CARTESIAN_POINT('',(4.886400559073E0,3.618934354851E1,-4.499251151425E0));
#1831=CARTESIAN_POINT('',(4.317899109560E0,3.563230895372E1,-5.042655408208E0));
#1832=CARTESIAN_POINT('',(3.742290489880E0,3.518110191140E1,-5.479587177833E0));
#1833=CARTESIAN_POINT('',(3.173771238472E0,3.482292203240E1,-5.824048777225E0));
#1834=CARTESIAN_POINT('',(2.623918968621E0,3.454592838870E1,-6.088769992728E0));
#1835=CARTESIAN_POINT('',(2.101417006114E0,3.433857694009E1,-6.285858072193E0));
#1836=CARTESIAN_POINT('',(1.612174227350E0,3.418967954658E1,-6.426753669743E0));
#1837=CARTESIAN_POINT('',(1.159407855505E0,3.408861794187E1,-6.522058190735E0));
#1838=CARTESIAN_POINT('',(7.431729101720E-1,3.402566204007E1,
-6.581287210062E0));
#1839=CARTESIAN_POINT('',(3.608487190512E-1,3.399251091681E1,
-6.612431059597E0));
#1840=CARTESIAN_POINT('',(7.769873750980E-2,3.398457338816E1,
-6.619883966323E0));
#1841=CARTESIAN_POINT('',(-7.808887869575E-2,3.398603363950E1,
-6.618512237119E0));
#1842=CARTESIAN_POINT('',(-1.171136168537E-1,3.398676598979E1,
-6.617823073315E0));
#1843=(BOUNDED_SURFACE()B_SPLINE_SURFACE(3,3,((#1763,#1764,#1765,#1766,#1767,
#1768,#1769,#1770,#1771,#1772,#1773,#1774,#1775,#1776,#1777,#1778,#1779,#1780,
#1781,#1782),(#1783,#1784,#1785,#1786,#1787,#1788,#1789,#1790,#1791,#1792,#1793,
#1794,#1795,#1796,#1797,#1798,#1799,#1800,#1801,#1802),(#1803,#1804,#1805,#1806,
#1807,#1808,#1809,#1810,#1811,#1812,#1813,#1814,#1815,#1816,#1817,#1818,#1819,
#1820,#1821,#1822),(#1823,#1824,#1825,#1826,#1827,#1828,#1829,#1830,#1831,#1832,
#1833,#1834,#1835,#1836,#1837,#1838,#1839,#1840,#1841,#1842)),.UNSPECIFIED.,.F.,
.F.,.F.)B_SPLINE_SURFACE_WITH_KNOTS((4,4),(4,1,1,1,1,1,1,1,1,1,1,1,1,1,1,1,1,4),
(0.E0,1.E0),(-9.936617525558E-3,0.E0,9.846436768888E-2,2.080332391224E-1,
3.174369441608E-1,4.173504631009E-1,5.059255789134E-1,5.841786217196E-1,
6.537146852704E-1,7.155755596336E-1,7.706736876823E-1,8.198794362280E-1,
8.638406661906E-1,9.031720694102E-1,9.385321304733E-1,9.705878471864E-1,1.E0,
1.009836094391E0),.UNSPECIFIED.)GEOMETRIC_REPRESENTATION_ITEM()RATIONAL_B_SPLINE_SURFACE(((1.316872407062E0,1.316872407062E0,1.316872407062E0,1.316872407062E0,
1.316872407062E0,1.316872407062E0,1.316872407062E0,1.316872407062E0,
1.316872407062E0,1.316872407062E0,1.316872407062E0,1.316872407062E0,
1.316872407062E0,1.316872407062E0,1.316872407062E0,1.316872407062E0,
1.316872407062E0,1.316872407062E0,1.316872407062E0,1.316872407062E0),(
8.943758643125E-1,8.943758643125E-1,8.943758643125E-1,8.943758643125E-1,
8.943758643125E-1,8.943758643125E-1,8.943758643125E-1,8.943758643125E-1,
8.943758643125E-1,8.943758643125E-1,8.943758643125E-1,8.943758643125E-1,
8.943758643125E-1,8.943758643125E-1,8.943758643125E-1,8.943758643125E-1,
8.943758643125E-1,8.943758643125E-1,8.943758643125E-1,8.943758643125E-1),(
8.943758643125E-1,8.943758643125E-1,8.943758643125E-1,8.943758643125E-1,
8.943758643125E-1,8.943758643125E-1,8.943758643125E-1,8.943758643125E-1,
8.943758643125E-1,8.943758643125E-1,8.943758643125E-1,8.943758643125E-1,
8.943758643125E-1,8.943758643125E-1,8.943758643125E-1,8.943758643125E-1,
8.943758643125E-1,8.943758643125E-1,8.943758643125E-1,8.943758643125E-1),(
1.316872407062E0,1.316872407062E0,1.316872407062E0,1.316872407062E0,
1.316872407062E0,1.316872407062E0,1.316872407062E0,1.316872407062E0,
1.316872407062E0,1.316872407062E0,1.316872407062E0,1.316872407062E0,
1.316872407062E0,1.316872407062E0,1.316872407062E0,1.316872407062E0,
1.316872407062E0,1.316872407062E0,1.316872407062E0,1.316872407062E0)))REPRESENTATION_ITEM('')SURFACE());
#1844=ORIENTED_EDGE('',*,*,#1491,.F.);
#1846=ORIENTED_EDGE('',*,*,#1845,.T.);
#1847=ORIENTED_EDGE('',*,*,#1756,.F.);
#1848=EDGE_LOOP('',(#1844,#1846,#1847));
#1849=FACE_OUTER_BOUND('',#1848,.F.);
#1850=ADVANCED_FACE('',(#1849),#1843,.F.);
#1851=CARTESIAN_POINT('',(0.E0,4.E1,-8.E0));
#1852=DIRECTION('',(0.E0,0.E0,1.E0));
#1853=DIRECTION('',(1.E0,0.E0,0.E0));
#1854=AXIS2_PLACEMENT_3D('',#1851,#1852,#1853);
#1855=CYLINDRICAL_SURFACE('',#1854,6.E0);
#1857=ORIENTED_EDGE('',*,*,#1856,.T.);
#1859=ORIENTED_EDGE('',*,*,#1858,.F.);
#1860=ORIENTED_EDGE('',*,*,#1560,.F.);
#1861=ORIENTED_EDGE('',*,*,#1648,.F.);
#1863=ORIENTED_EDGE('',*,*,#1862,.T.);
#1864=EDGE_LOOP('',(#1857,#1859,#1860,#1861,#1863));
#1865=FACE_OUTER_BOUND('',#1864,.F.);
#1866=ADVANCED_FACE('',(#1865),#1855,.T.);
#1867=CARTESIAN_POINT('',(0.E0,4.E1,-8.E0));
#1868=DIRECTION('',(0.E0,0.E0,1.E0));
#1869=DIRECTION('',(1.E0,0.E0,0.E0));
#1870=AXIS2_PLACEMENT_3D('',#1867,#1868,#1869);
#1871=CYLINDRICAL_SURFACE('',#1870,6.E0);
#1873=ORIENTED_EDGE('',*,*,#1872,.T.);
#1875=ORIENTED_EDGE('',*,*,#1874,.T.);
#1876=ORIENTED_EDGE('',*,*,#1758,.F.);
#1877=ORIENTED_EDGE('',*,*,#1845,.F.);
#1879=ORIENTED_EDGE('',*,*,#1878,.F.);
#1880=EDGE_LOOP('',(#1873,#1875,#1876,#1877,#1879));
#1881=FACE_OUTER_BOUND('',#1880,.F.);
#1882=ADVANCED_FACE('',(#1881),#1871,.T.);
#1883=CARTESIAN_POINT('',(0.E0,4.E1,7.5E0));
#1884=DIRECTION('',(0.E0,0.E0,1.E0));
#1885=DIRECTION('',(-9.996716207817E-1,2.562519470438E-2,0.E0));
#1886=AXIS2_PLACEMENT_3D('',#1883,#1884,#1885);
#1887=TOROIDAL_SURFACE('',#1886,5.5E0,5.E-1);
#1889=ORIENTED_EDGE('',*,*,#1888,.T.);
#1891=ORIENTED_EDGE('',*,*,#1890,.T.);
#1892=ORIENTED_EDGE('',*,*,#1856,.F.);
#1894=ORIENTED_EDGE('',*,*,#1893,.F.);
#1895=EDGE_LOOP('',(#1889,#1891,#1892,#1894));
#1896=FACE_OUTER_BOUND('',#1895,.F.);
#1897=ADVANCED_FACE('',(#1896),#1887,.T.);
#1898=CARTESIAN_POINT('',(0.E0,0.E0,8.E0));
#1899=DIRECTION('',(0.E0,0.E0,1.E0));
#1900=DIRECTION('',(1.E0,0.E0,0.E0));
#1901=AXIS2_PLACEMENT_3D('',#1898,#1899,#1900);
#1902=PLANE('',#1901);
#1904=ORIENTED_EDGE('',*,*,#1903,.F.);
#1905=ORIENTED_EDGE('',*,*,#1888,.F.);
#1906=EDGE_LOOP('',(#1904,#1905));
#1907=FACE_OUTER_BOUND('',#1906,.F.);
#1908=ADVANCED_FACE('',(#1907),#1902,.T.);
#1909=CARTESIAN_POINT('',(0.E0,4.E1,7.5E0));
#1910=DIRECTION('',(0.E0,0.E0,1.E0));
#1911=DIRECTION('',(9.996716207817E-1,-2.562519470438E-2,0.E0));
#1912=AXIS2_PLACEMENT_3D('',#1909,#1910,#1911);
#1913=TOROIDAL_SURFACE('',#1912,5.5E0,5.E-1);
#1914=ORIENTED_EDGE('',*,*,#1903,.T.);
#1915=ORIENTED_EDGE('',*,*,#1893,.T.);
#1917=ORIENTED_EDGE('',*,*,#1916,.F.);
#1918=ORIENTED_EDGE('',*,*,#1890,.F.);
#1919=EDGE_LOOP('',(#1914,#1915,#1917,#1918));
#1920=FACE_OUTER_BOUND('',#1919,.F.);
#1921=ADVANCED_FACE('',(#1920),#1913,.T.);
#1922=CARTESIAN_POINT('',(0.E0,4.E1,-8.E0));
#1923=DIRECTION('',(0.E0,0.E0,1.E0));
#1924=DIRECTION('',(1.E0,0.E0,0.E0));
#1925=AXIS2_PLACEMENT_3D('',#1922,#1923,#1924);
#1926=CYLINDRICAL_SURFACE('',#1925,6.E0);
#1927=ORIENTED_EDGE('',*,*,#1916,.T.);
#1928=ORIENTED_EDGE('',*,*,#1862,.F.);
#1929=ORIENTED_EDGE('',*,*,#1874,.F.);
#1931=ORIENTED_EDGE('',*,*,#1930,.T.);
#1932=ORIENTED_EDGE('',*,*,#1878,.T.);
#1933=ORIENTED_EDGE('',*,*,#1858,.T.);
#1934=EDGE_LOOP('',(#1927,#1928,#1929,#1931,#1932,#1933));
#1935=FACE_OUTER_BOUND('',#1934,.F.);
#1936=ADVANCED_FACE('',(#1935),#1926,.T.);
#1937=CARTESIAN_POINT('',(0.E0,4.E1,-7.5E0));
#1938=DIRECTION('',(0.E0,0.E0,1.E0));
#1939=DIRECTION('',(-9.993373747736E-1,-3.639795846673E-2,0.E0));
#1940=AXIS2_PLACEMENT_3D('',#1937,#1938,#1939);
#1941=TOROIDAL_SURFACE('',#1940,5.5E0,5.E-1);
#1943=ORIENTED_EDGE('',*,*,#1942,.T.);
#1945=ORIENTED_EDGE('',*,*,#1944,.T.);
#1946=ORIENTED_EDGE('',*,*,#1930,.F.);
#1948=ORIENTED_EDGE('',*,*,#1947,.F.);
#1949=EDGE_LOOP('',(#1943,#1945,#1946,#1948));
#1950=FACE_OUTER_BOUND('',#1949,.F.);
#1951=ADVANCED_FACE('',(#1950),#1941,.T.);
#1952=CARTESIAN_POINT('',(0.E0,0.E0,-8.E0));
#1953=DIRECTION('',(0.E0,0.E0,1.E0));
#1954=DIRECTION('',(1.E0,0.E0,0.E0));
#1955=AXIS2_PLACEMENT_3D('',#1952,#1953,#1954);
#1956=PLANE('',#1955);
#1957=ORIENTED_EDGE('',*,*,#1942,.F.);
#1959=ORIENTED_EDGE('',*,*,#1958,.F.);
#1960=EDGE_LOOP('',(#1957,#1959));
#1961=FACE_OUTER_BOUND('',#1960,.F.);
#1962=ADVANCED_FACE('',(#1961),#1956,.F.);
#1963=CARTESIAN_POINT('',(0.E0,4.E1,-7.5E0));
#1964=DIRECTION('',(0.E0,0.E0,1.E0));
#1965=DIRECTION('',(9.993373747736E-1,3.639795846673E-2,0.E0));
#1966=AXIS2_PLACEMENT_3D('',#1963,#1964,#1965);
#1967=TOROIDAL_SURFACE('',#1966,5.5E0,5.E-1);
#1968=ORIENTED_EDGE('',*,*,#1958,.T.);
#1969=ORIENTED_EDGE('',*,*,#1947,.T.);
#1970=ORIENTED_EDGE('',*,*,#1872,.F.);
#1971=ORIENTED_EDGE('',*,*,#1944,.F.);
#1972=EDGE_LOOP('',(#1968,#1969,#1970,#1971));
#1973=FACE_OUTER_BOUND('',#1972,.F.);
#1974=ADVANCED_FACE('',(#1973),#1967,.T.);
#1975=CARTESIAN_POINT('',(-2.5E1,1.E1,-1.25E1));
#1976=DIRECTION('',(0.E0,1.E0,0.E0));
#1977=DIRECTION('',(1.E0,0.E0,0.E0));
#1978=AXIS2_PLACEMENT_3D('',#1975,#1976,#1977);
#1979=CYLINDRICAL_SURFACE('',#1978,5.4E0);
#1980=ORIENTED_EDGE('',*,*,#1340,.F.);
#1981=ORIENTED_EDGE('',*,*,#1311,.T.);
#1982=ORIENTED_EDGE('',*,*,#1165,.T.);
#1983=ORIENTED_EDGE('',*,*,#1308,.F.);
#1984=EDGE_LOOP('',(#1980,#1981,#1982,#1983));
#1985=FACE_OUTER_BOUND('',#1984,.F.);
#1986=ADVANCED_FACE('',(#1985),#1979,.F.);
#1987=CARTESIAN_POINT('',(-1.25E1,1.E1,-2.5E1));
#1988=DIRECTION('',(0.E0,1.E0,0.E0));
#1989=DIRECTION('',(1.E0,0.E0,0.E0));
#1990=AXIS2_PLACEMENT_3D('',#1987,#1988,#1989);
#1991=CYLINDRICAL_SURFACE('',#1990,5.4E0);
#1992=ORIENTED_EDGE('',*,*,#1344,.F.);
#1994=ORIENTED_EDGE('',*,*,#1993,.T.);
#1995=ORIENTED_EDGE('',*,*,#1181,.T.);
#1997=ORIENTED_EDGE('',*,*,#1996,.F.);
#1998=EDGE_LOOP('',(#1992,#1994,#1995,#1997));
#1999=FACE_OUTER_BOUND('',#1998,.F.);
#2000=ADVANCED_FACE('',(#1999),#1991,.F.);
#2001=CARTESIAN_POINT('',(-1.25E1,1.E1,-2.5E1));
#2002=DIRECTION('',(0.E0,1.E0,0.E0));
#2003=DIRECTION('',(1.E0,0.E0,0.E0));
#2004=AXIS2_PLACEMENT_3D('',#2001,#2002,#2003);
#2005=CYLINDRICAL_SURFACE('',#2004,5.4E0);
#2006=ORIENTED_EDGE('',*,*,#1346,.F.);
#2007=ORIENTED_EDGE('',*,*,#1996,.T.);
#2008=ORIENTED_EDGE('',*,*,#1183,.T.);
#2009=ORIENTED_EDGE('',*,*,#1993,.F.);
#2010=EDGE_LOOP('',(#2006,#2007,#2008,#2009));
#2011=FACE_OUTER_BOUND('',#2010,.F.);
#2012=ADVANCED_FACE('',(#2011),#2005,.F.);
#2013=CARTESIAN_POINT('',(1.25E1,1.E1,-2.5E1));
#2014=DIRECTION('',(0.E0,1.E0,0.E0));
#2015=DIRECTION('',(1.E0,0.E0,0.E0));
#2016=AXIS2_PLACEMENT_3D('',#2013,#2014,#2015);
#2017=CYLINDRICAL_SURFACE('',#2016,5.4E0);
#2018=ORIENTED_EDGE('',*,*,#1350,.F.);
#2020=ORIENTED_EDGE('',*,*,#2019,.T.);
#2021=ORIENTED_EDGE('',*,*,#1198,.T.);
#2023=ORIENTED_EDGE('',*,*,#2022,.F.);
#2024=EDGE_LOOP('',(#2018,#2020,#2021,#2023));
#2025=FACE_OUTER_BOUND('',#2024,.F.);
#2026=ADVANCED_FACE('',(#2025),#2017,.F.);
#2027=CARTESIAN_POINT('',(1.25E1,1.E1,-2.5E1));
#2028=DIRECTION('',(0.E0,1.E0,0.E0));
#2029=DIRECTION('',(1.E0,0.E0,0.E0));
#2030=AXIS2_PLACEMENT_3D('',#2027,#2028,#2029);
#2031=CYLINDRICAL_SURFACE('',#2030,5.4E0);
#2032=ORIENTED_EDGE('',*,*,#1352,.F.);
#2033=ORIENTED_EDGE('',*,*,#2022,.T.);
#2034=ORIENTED_EDGE('',*,*,#1200,.T.);
#2035=ORIENTED_EDGE('',*,*,#2019,.F.);
#2036=EDGE_LOOP('',(#2032,#2033,#2034,#2035));
#2037=FACE_OUTER_BOUND('',#2036,.F.);
#2038=ADVANCED_FACE('',(#2037),#2031,.F.);
#2039=CARTESIAN_POINT('',(2.5E1,1.E1,-1.25E1));
#2040=DIRECTION('',(0.E0,1.E0,0.E0));
#2041=DIRECTION('',(1.E0,0.E0,0.E0));
#2042=AXIS2_PLACEMENT_3D('',#2039,#2040,#2041);
#2043=CYLINDRICAL_SURFACE('',#2042,5.4E0);
#2044=ORIENTED_EDGE('',*,*,#1356,.F.);
#2046=ORIENTED_EDGE('',*,*,#2045,.T.);
#2047=ORIENTED_EDGE('',*,*,#1216,.T.);
#2049=ORIENTED_EDGE('',*,*,#2048,.F.);
#2050=EDGE_LOOP('',(#2044,#2046,#2047,#2049));
#2051=FACE_OUTER_BOUND('',#2050,.F.);
#2052=ADVANCED_FACE('',(#2051),#2043,.F.);
#2053=CARTESIAN_POINT('',(2.5E1,1.E1,-1.25E1));
#2054=DIRECTION('',(0.E0,1.E0,0.E0));
#2055=DIRECTION('',(1.E0,0.E0,0.E0));
#2056=AXIS2_PLACEMENT_3D('',#2053,#2054,#2055);
#2057=CYLINDRICAL_SURFACE('',#2056,5.4E0);
#2058=ORIENTED_EDGE('',*,*,#1358,.F.);
#2059=ORIENTED_EDGE('',*,*,#2048,.T.);
#2060=ORIENTED_EDGE('',*,*,#1218,.T.);
#2061=ORIENTED_EDGE('',*,*,#2045,.F.);
#2062=EDGE_LOOP('',(#2058,#2059,#2060,#2061));
#2063=FACE_OUTER_BOUND('',#2062,.F.);
#2064=ADVANCED_FACE('',(#2063),#2057,.F.);
#2065=CARTESIAN_POINT('',(2.5E1,1.E1,1.25E1));
#2066=DIRECTION('',(0.E0,1.E0,0.E0));
#2067=DIRECTION('',(1.E0,0.E0,0.E0));
#2068=AXIS2_PLACEMENT_3D('',#2065,#2066,#2067);
#2069=CYLINDRICAL_SURFACE('',#2068,5.4E0);
#2070=ORIENTED_EDGE('',*,*,#1362,.F.);
#2072=ORIENTED_EDGE('',*,*,#2071,.T.);
#2073=ORIENTED_EDGE('',*,*,#1234,.T.);
#2075=ORIENTED_EDGE('',*,*,#2074,.F.);
#2076=EDGE_LOOP('',(#2070,#2072,#2073,#2075));
#2077=FACE_OUTER_BOUND('',#2076,.F.);
#2078=ADVANCED_FACE('',(#2077),#2069,.F.);
#2079=CARTESIAN_POINT('',(2.5E1,1.E1,1.25E1));
#2080=DIRECTION('',(0.E0,1.E0,0.E0));
#2081=DIRECTION('',(1.E0,0.E0,0.E0));
#2082=AXIS2_PLACEMENT_3D('',#2079,#2080,#2081);
#2083=CYLINDRICAL_SURFACE('',#2082,5.4E0);
#2084=ORIENTED_EDGE('',*,*,#1364,.F.);
#2085=ORIENTED_EDGE('',*,*,#2074,.T.);
#2086=ORIENTED_EDGE('',*,*,#1236,.T.);
#2087=ORIENTED_EDGE('',*,*,#2071,.F.);
#2088=EDGE_LOOP('',(#2084,#2085,#2086,#2087));
#2089=FACE_OUTER_BOUND('',#2088,.F.);
#2090=ADVANCED_FACE('',(#2089),#2083,.F.);
#2091=CARTESIAN_POINT('',(1.25E1,1.E1,2.5E1));
#2092=DIRECTION('',(0.E0,1.E0,0.E0));
#2093=DIRECTION('',(1.E0,0.E0,0.E0));
#2094=AXIS2_PLACEMENT_3D('',#2091,#2092,#2093);
#2095=CYLINDRICAL_SURFACE('',#2094,5.4E0);
#2096=ORIENTED_EDGE('',*,*,#1368,.F.);
#2098=ORIENTED_EDGE('',*,*,#2097,.T.);
#2099=ORIENTED_EDGE('',*,*,#1252,.T.);
#2101=ORIENTED_EDGE('',*,*,#2100,.F.);
#2102=EDGE_LOOP('',(#2096,#2098,#2099,#2101));
#2103=FACE_OUTER_BOUND('',#2102,.F.);
#2104=ADVANCED_FACE('',(#2103),#2095,.F.);
#2105=CARTESIAN_POINT('',(1.25E1,1.E1,2.5E1));
#2106=DIRECTION('',(0.E0,1.E0,0.E0));
#2107=DIRECTION('',(1.E0,0.E0,0.E0));
#2108=AXIS2_PLACEMENT_3D('',#2105,#2106,#2107);
#2109=CYLINDRICAL_SURFACE('',#2108,5.4E0);
#2110=ORIENTED_EDGE('',*,*,#1370,.F.);
#2111=ORIENTED_EDGE('',*,*,#2100,.T.);
#2112=ORIENTED_EDGE('',*,*,#1254,.T.);
#2113=ORIENTED_EDGE('',*,*,#2097,.F.);
#2114=EDGE_LOOP('',(#2110,#2111,#2112,#2113));
#2115=FACE_OUTER_BOUND('',#2114,.F.);
#2116=ADVANCED_FACE('',(#2115),#2109,.F.);
#2117=CARTESIAN_POINT('',(-1.25E1,1.E1,2.5E1));
#2118=DIRECTION('',(0.E0,1.E0,0.E0));
#2119=DIRECTION('',(1.E0,0.E0,0.E0));
#2120=AXIS2_PLACEMENT_3D('',#2117,#2118,#2119);
#2121=CYLINDRICAL_SURFACE('',#2120,5.4E0);
#2122=ORIENTED_EDGE('',*,*,#1374,.F.);
#2124=ORIENTED_EDGE('',*,*,#2123,.T.);
#2125=ORIENTED_EDGE('',*,*,#1270,.T.);
#2127=ORIENTED_EDGE('',*,*,#2126,.F.);
#2128=EDGE_LOOP('',(#2122,#2124,#2125,#2127));
#2129=FACE_OUTER_BOUND('',#2128,.F.);
#2130=ADVANCED_FACE('',(#2129),#2121,.F.);
#2131=CARTESIAN_POINT('',(-1.25E1,1.E1,2.5E1));
#2132=DIRECTION('',(0.E0,1.E0,0.E0));
#2133=DIRECTION('',(1.E0,0.E0,0.E0));
#2134=AXIS2_PLACEMENT_3D('',#2131,#2132,#2133);
#2135=CYLINDRICAL_SURFACE('',#2134,5.4E0);
#2136=ORIENTED_EDGE('',*,*,#1376,.F.);
#2137=ORIENTED_EDGE('',*,*,#2126,.T.);
#2138=ORIENTED_EDGE('',*,*,#1272,.T.);
#2139=ORIENTED_EDGE('',*,*,#2123,.F.);
#2140=EDGE_LOOP('',(#2136,#2137,#2138,#2139));
#2141=FACE_OUTER_BOUND('',#2140,.F.);
#2142=ADVANCED_FACE('',(#2141),#2135,.F.);
#2143=CARTESIAN_POINT('',(-2.5E1,1.E1,1.25E1));
#2144=DIRECTION('',(0.E0,1.E0,0.E0));
#2145=DIRECTION('',(1.E0,0.E0,0.E0));
#2146=AXIS2_PLACEMENT_3D('',#2143,#2144,#2145);
#2147=CYLINDRICAL_SURFACE('',#2146,5.4E0);
#2148=ORIENTED_EDGE('',*,*,#1380,.F.);
#2150=ORIENTED_EDGE('',*,*,#2149,.T.);
#2151=ORIENTED_EDGE('',*,*,#1288,.T.);
#2153=ORIENTED_EDGE('',*,*,#2152,.F.);
#2154=EDGE_LOOP('',(#2148,#2150,#2151,#2153));
#2155=FACE_OUTER_BOUND('',#2154,.F.);
#2156=ADVANCED_FACE('',(#2155),#2147,.F.);
#2157=CARTESIAN_POINT('',(-2.5E1,1.E1,1.25E1));
#2158=DIRECTION('',(0.E0,1.E0,0.E0));
#2159=DIRECTION('',(1.E0,0.E0,0.E0));
#2160=AXIS2_PLACEMENT_3D('',#2157,#2158,#2159);
#2161=CYLINDRICAL_SURFACE('',#2160,5.4E0);
#2162=ORIENTED_EDGE('',*,*,#1382,.F.);
#2163=ORIENTED_EDGE('',*,*,#2152,.T.);
#2164=ORIENTED_EDGE('',*,*,#1290,.T.);
#2165=ORIENTED_EDGE('',*,*,#2149,.F.);
#2166=EDGE_LOOP('',(#2162,#2163,#2164,#2165));
#2167=FACE_OUTER_BOUND('',#2166,.F.);
#2168=ADVANCED_FACE('',(#2167),#2161,.F.);
#2169=CARTESIAN_POINT('',(-2.5E1,9.2144E1,-2.5E1));
#2170=DIRECTION('',(0.E0,-1.E0,0.E0));
#2171=DIRECTION('',(-1.E0,0.E0,0.E0));
#2172=AXIS2_PLACEMENT_3D('',#2169,#2170,#2171);
#2173=CYLINDRICAL_SURFACE('',#2172,1.E1);
#2174=ORIENTED_EDGE('',*,*,#1076,.T.);
#2176=ORIENTED_EDGE('',*,*,#2175,.F.);
#2177=ORIENTED_EDGE('',*,*,#1321,.T.);
#2179=ORIENTED_EDGE('',*,*,#2178,.T.);
#2180=EDGE_LOOP('',(#2174,#2176,#2177,#2179));
#2181=FACE_OUTER_BOUND('',#2180,.F.);
#2182=ADVANCED_FACE('',(#2181),#2173,.T.);
#2183=CARTESIAN_POINT('',(3.5E1,0.E0,-3.5E1));
#2184=DIRECTION('',(0.E0,0.E0,-1.E0));
#2185=DIRECTION('',(-1.E0,0.E0,0.E0));
#2186=AXIS2_PLACEMENT_3D('',#2183,#2184,#2185);
#2187=PLANE('',#2186);
#2188=ORIENTED_EDGE('',*,*,#2175,.T.);
#2189=ORIENTED_EDGE('',*,*,#1090,.F.);
#2191=ORIENTED_EDGE('',*,*,#2190,.F.);
#2192=ORIENTED_EDGE('',*,*,#1323,.T.);
#2193=EDGE_LOOP('',(#2188,#2189,#2191,#2192));
#2194=FACE_OUTER_BOUND('',#2193,.F.);
#2195=ADVANCED_FACE('',(#2194),#2187,.T.);
#2196=CARTESIAN_POINT('',(2.5E1,9.2144E1,-2.5E1));
#2197=DIRECTION('',(0.E0,-1.E0,0.E0));
#2198=DIRECTION('',(0.E0,0.E0,-1.E0));
#2199=AXIS2_PLACEMENT_3D('',#2196,#2197,#2198);
#2200=CYLINDRICAL_SURFACE('',#2199,1.E1);
#2201=ORIENTED_EDGE('',*,*,#1088,.T.);
#2203=ORIENTED_EDGE('',*,*,#2202,.F.);
#2204=ORIENTED_EDGE('',*,*,#1325,.T.);
#2205=ORIENTED_EDGE('',*,*,#2190,.T.);
#2206=EDGE_LOOP('',(#2201,#2203,#2204,#2205));
#2207=FACE_OUTER_BOUND('',#2206,.F.);
#2208=ADVANCED_FACE('',(#2207),#2200,.T.);
#2209=CARTESIAN_POINT('',(3.5E1,0.E0,3.5E1));
#2210=DIRECTION('',(1.E0,0.E0,0.E0));
#2211=DIRECTION('',(0.E0,0.E0,-1.E0));
#2212=AXIS2_PLACEMENT_3D('',#2209,#2210,#2211);
#2213=PLANE('',#2212);
#2214=ORIENTED_EDGE('',*,*,#2202,.T.);
#2215=ORIENTED_EDGE('',*,*,#1086,.F.);
#2217=ORIENTED_EDGE('',*,*,#2216,.F.);
#2218=ORIENTED_EDGE('',*,*,#1327,.T.);
#2219=EDGE_LOOP('',(#2214,#2215,#2217,#2218));
#2220=FACE_OUTER_BOUND('',#2219,.F.);
#2221=ADVANCED_FACE('',(#2220),#2213,.T.);
#2222=CARTESIAN_POINT('',(2.5E1,9.2144E1,2.5E1));
#2223=DIRECTION('',(0.E0,-1.E0,0.E0));
#2224=DIRECTION('',(1.E0,0.E0,0.E0));
#2225=AXIS2_PLACEMENT_3D('',#2222,#2223,#2224);
#2226=CYLINDRICAL_SURFACE('',#2225,1.E1);
#2227=ORIENTED_EDGE('',*,*,#1084,.T.);
#2229=ORIENTED_EDGE('',*,*,#2228,.F.);
#2230=ORIENTED_EDGE('',*,*,#1329,.T.);
#2231=ORIENTED_EDGE('',*,*,#2216,.T.);
#2232=EDGE_LOOP('',(#2227,#2229,#2230,#2231));
#2233=FACE_OUTER_BOUND('',#2232,.F.);
#2234=ADVANCED_FACE('',(#2233),#2226,.T.);
#2235=CARTESIAN_POINT('',(-3.5E1,0.E0,3.5E1));
#2236=DIRECTION('',(0.E0,0.E0,1.E0));
#2237=DIRECTION('',(1.E0,0.E0,0.E0));
#2238=AXIS2_PLACEMENT_3D('',#2235,#2236,#2237);
#2239=PLANE('',#2238);
#2240=ORIENTED_EDGE('',*,*,#2228,.T.);
#2241=ORIENTED_EDGE('',*,*,#1082,.F.);
#2243=ORIENTED_EDGE('',*,*,#2242,.F.);
#2244=ORIENTED_EDGE('',*,*,#1331,.T.);
#2245=EDGE_LOOP('',(#2240,#2241,#2243,#2244));
#2246=FACE_OUTER_BOUND('',#2245,.F.);
#2247=ADVANCED_FACE('',(#2246),#2239,.T.);
#2248=CARTESIAN_POINT('',(-2.5E1,9.2144E1,2.5E1));
#2249=DIRECTION('',(0.E0,-1.E0,0.E0));
#2250=DIRECTION('',(0.E0,0.E0,1.E0));
#2251=AXIS2_PLACEMENT_3D('',#2248,#2249,#2250);
#2252=CYLINDRICAL_SURFACE('',#2251,1.E1);
#2253=ORIENTED_EDGE('',*,*,#1080,.T.);
#2255=ORIENTED_EDGE('',*,*,#2254,.F.);
#2256=ORIENTED_EDGE('',*,*,#1333,.T.);
#2257=ORIENTED_EDGE('',*,*,#2242,.T.);
#2258=EDGE_LOOP('',(#2253,#2255,#2256,#2257));
#2259=FACE_OUTER_BOUND('',#2258,.F.);
#2260=ADVANCED_FACE('',(#2259),#2252,.T.);
#2261=CARTESIAN_POINT('',(-3.5E1,0.E0,-3.5E1));
#2262=DIRECTION('',(-1.E0,0.E0,0.E0));
#2263=DIRECTION('',(0.E0,0.E0,1.E0));
#2264=AXIS2_PLACEMENT_3D('',#2261,#2262,#2263);
#2265=PLANE('',#2264);
#2266=ORIENTED_EDGE('',*,*,#2178,.F.);
#2267=ORIENTED_EDGE('',*,*,#1335,.T.);
#2268=ORIENTED_EDGE('',*,*,#2254,.T.);
#2269=ORIENTED_EDGE('',*,*,#1078,.F.);
#2270=EDGE_LOOP('',(#2266,#2267,#2268,#2269));
#2271=FACE_OUTER_BOUND('',#2270,.F.);
#2272=ADVANCED_FACE('',(#2271),#2265,.T.);
#2273=CARTESIAN_POINT('',(-1.25E1,1.E1,-2.5E1));
#2274=DIRECTION('',(0.E0,1.E0,0.E0));
#2275=DIRECTION('',(1.E0,0.E0,0.E0));
#2276=AXIS2_PLACEMENT_3D('',#2273,#2274,#2275);
#2277=CYLINDRICAL_SURFACE('',#2276,3.15E0);
#2278=ORIENTED_EDGE('',*,*,#1188,.F.);
#2279=ORIENTED_EDGE('',*,*,#1153,.T.);
#2280=ORIENTED_EDGE('',*,*,#1138,.T.);
#2281=ORIENTED_EDGE('',*,*,#1150,.F.);
#2282=EDGE_LOOP('',(#2278,#2279,#2280,#2281));
#2283=FACE_OUTER_BOUND('',#2282,.F.);
#2284=ADVANCED_FACE('',(#2283),#2277,.F.);
#2285=CARTESIAN_POINT('',(1.25E1,1.E1,-2.5E1));
#2286=DIRECTION('',(0.E0,1.E0,0.E0));
#2287=DIRECTION('',(1.E0,0.E0,0.E0));
#2288=AXIS2_PLACEMENT_3D('',#2285,#2286,#2287);
#2289=CYLINDRICAL_SURFACE('',#2288,3.15E0);
#2290=ORIENTED_EDGE('',*,*,#1204,.F.);
#2292=ORIENTED_EDGE('',*,*,#2291,.T.);
#2293=ORIENTED_EDGE('',*,*,#1094,.T.);
#2295=ORIENTED_EDGE('',*,*,#2294,.F.);
#2296=EDGE_LOOP('',(#2290,#2292,#2293,#2295));
#2297=FACE_OUTER_BOUND('',#2296,.F.);
#2298=ADVANCED_FACE('',(#2297),#2289,.F.);
#2299=CARTESIAN_POINT('',(1.25E1,1.E1,-2.5E1));
#2300=DIRECTION('',(0.E0,1.E0,0.E0));
#2301=DIRECTION('',(1.E0,0.E0,0.E0));
#2302=AXIS2_PLACEMENT_3D('',#2299,#2300,#2301);
#2303=CYLINDRICAL_SURFACE('',#2302,3.15E0);
#2304=ORIENTED_EDGE('',*,*,#1206,.F.);
#2305=ORIENTED_EDGE('',*,*,#2294,.T.);
#2306=ORIENTED_EDGE('',*,*,#1096,.T.);
#2307=ORIENTED_EDGE('',*,*,#2291,.F.);
#2308=EDGE_LOOP('',(#2304,#2305,#2306,#2307));
#2309=FACE_OUTER_BOUND('',#2308,.F.);
#2310=ADVANCED_FACE('',(#2309),#2303,.F.);
#2311=CARTESIAN_POINT('',(1.25E1,1.E1,2.5E1));
#2312=DIRECTION('',(0.E0,1.E0,0.E0));
#2313=DIRECTION('',(1.E0,0.E0,0.E0));
#2314=AXIS2_PLACEMENT_3D('',#2311,#2312,#2313);
#2315=CYLINDRICAL_SURFACE('',#2314,3.15E0);
#2316=ORIENTED_EDGE('',*,*,#1258,.F.);
#2318=ORIENTED_EDGE('',*,*,#2317,.T.);
#2319=ORIENTED_EDGE('',*,*,#1100,.T.);
#2321=ORIENTED_EDGE('',*,*,#2320,.F.);
#2322=EDGE_LOOP('',(#2316,#2318,#2319,#2321));
#2323=FACE_OUTER_BOUND('',#2322,.F.);
#2324=ADVANCED_FACE('',(#2323),#2315,.F.);
#2325=CARTESIAN_POINT('',(1.25E1,1.E1,2.5E1));
#2326=DIRECTION('',(0.E0,1.E0,0.E0));
#2327=DIRECTION('',(1.E0,0.E0,0.E0));
#2328=AXIS2_PLACEMENT_3D('',#2325,#2326,#2327);
#2329=CYLINDRICAL_SURFACE('',#2328,3.15E0);
#2330=ORIENTED_EDGE('',*,*,#1260,.F.);
#2331=ORIENTED_EDGE('',*,*,#2320,.T.);
#2332=ORIENTED_EDGE('',*,*,#1102,.T.);
#2333=ORIENTED_EDGE('',*,*,#2317,.F.);
#2334=EDGE_LOOP('',(#2330,#2331,#2332,#2333));
#2335=FACE_OUTER_BOUND('',#2334,.F.);
#2336=ADVANCED_FACE('',(#2335),#2329,.F.);
#2337=CARTESIAN_POINT('',(-1.25E1,1.E1,2.5E1));
#2338=DIRECTION('',(0.E0,1.E0,0.E0));
#2339=DIRECTION('',(1.E0,0.E0,0.E0));
#2340=AXIS2_PLACEMENT_3D('',#2337,#2338,#2339);
#2341=CYLINDRICAL_SURFACE('',#2340,3.15E0);
#2342=ORIENTED_EDGE('',*,*,#1276,.F.);
#2344=ORIENTED_EDGE('',*,*,#2343,.T.);
#2345=ORIENTED_EDGE('',*,*,#1106,.T.);
#2347=ORIENTED_EDGE('',*,*,#2346,.F.);
#2348=EDGE_LOOP('',(#2342,#2344,#2345,#2347));
#2349=FACE_OUTER_BOUND('',#2348,.F.);
#2350=ADVANCED_FACE('',(#2349),#2341,.F.);
#2351=CARTESIAN_POINT('',(-1.25E1,1.E1,2.5E1));
#2352=DIRECTION('',(0.E0,1.E0,0.E0));
#2353=DIRECTION('',(1.E0,0.E0,0.E0));
#2354=AXIS2_PLACEMENT_3D('',#2351,#2352,#2353);
#2355=CYLINDRICAL_SURFACE('',#2354,3.15E0);
#2356=ORIENTED_EDGE('',*,*,#1278,.F.);
#2357=ORIENTED_EDGE('',*,*,#2346,.T.);
#2358=ORIENTED_EDGE('',*,*,#1108,.T.);
#2359=ORIENTED_EDGE('',*,*,#2343,.F.);
#2360=EDGE_LOOP('',(#2356,#2357,#2358,#2359));
#2361=FACE_OUTER_BOUND('',#2360,.F.);
#2362=ADVANCED_FACE('',(#2361),#2355,.F.);
#2363=CARTESIAN_POINT('',(-2.5E1,1.E1,-1.25E1));
#2364=DIRECTION('',(0.E0,1.E0,0.E0));
#2365=DIRECTION('',(1.E0,0.E0,0.E0));
#2366=AXIS2_PLACEMENT_3D('',#2363,#2364,#2365);
#2367=CYLINDRICAL_SURFACE('',#2366,3.15E0);
#2368=ORIENTED_EDGE('',*,*,#1169,.F.);
#2370=ORIENTED_EDGE('',*,*,#2369,.T.);
#2371=ORIENTED_EDGE('',*,*,#1112,.T.);
#2373=ORIENTED_EDGE('',*,*,#2372,.F.);
#2374=EDGE_LOOP('',(#2368,#2370,#2371,#2373));
#2375=FACE_OUTER_BOUND('',#2374,.F.);
#2376=ADVANCED_FACE('',(#2375),#2367,.F.);
#2377=CARTESIAN_POINT('',(-2.5E1,1.E1,-1.25E1));
#2378=DIRECTION('',(0.E0,1.E0,0.E0));
#2379=DIRECTION('',(1.E0,0.E0,0.E0));
#2380=AXIS2_PLACEMENT_3D('',#2377,#2378,#2379);
#2381=CYLINDRICAL_SURFACE('',#2380,3.15E0);
#2382=ORIENTED_EDGE('',*,*,#1171,.F.);
#2383=ORIENTED_EDGE('',*,*,#2372,.T.);
#2384=ORIENTED_EDGE('',*,*,#1114,.T.);
#2385=ORIENTED_EDGE('',*,*,#2369,.F.);
#2386=EDGE_LOOP('',(#2382,#2383,#2384,#2385));
#2387=FACE_OUTER_BOUND('',#2386,.F.);
#2388=ADVANCED_FACE('',(#2387),#2381,.F.);
#2389=CARTESIAN_POINT('',(-2.5E1,1.E1,1.25E1));
#2390=DIRECTION('',(0.E0,1.E0,0.E0));
#2391=DIRECTION('',(1.E0,0.E0,0.E0));
#2392=AXIS2_PLACEMENT_3D('',#2389,#2390,#2391);
#2393=CYLINDRICAL_SURFACE('',#2392,3.15E0);
#2394=ORIENTED_EDGE('',*,*,#1294,.F.);
#2396=ORIENTED_EDGE('',*,*,#2395,.T.);
#2397=ORIENTED_EDGE('',*,*,#1118,.T.);
#2399=ORIENTED_EDGE('',*,*,#2398,.F.);
#2400=EDGE_LOOP('',(#2394,#2396,#2397,#2399));
#2401=FACE_OUTER_BOUND('',#2400,.F.);
#2402=ADVANCED_FACE('',(#2401),#2393,.F.);
#2403=CARTESIAN_POINT('',(-2.5E1,1.E1,1.25E1));
#2404=DIRECTION('',(0.E0,1.E0,0.E0));
#2405=DIRECTION('',(1.E0,0.E0,0.E0));
#2406=AXIS2_PLACEMENT_3D('',#2403,#2404,#2405);
#2407=CYLINDRICAL_SURFACE('',#2406,3.15E0);
#2408=ORIENTED_EDGE('',*,*,#1296,.F.);
#2409=ORIENTED_EDGE('',*,*,#2398,.T.);
#2410=ORIENTED_EDGE('',*,*,#1120,.T.);
#2411=ORIENTED_EDGE('',*,*,#2395,.F.);
#2412=EDGE_LOOP('',(#2408,#2409,#2410,#2411));
#2413=FACE_OUTER_BOUND('',#2412,.F.);
#2414=ADVANCED_FACE('',(#2413),#2407,.F.);
#2415=CARTESIAN_POINT('',(2.5E1,1.E1,1.25E1));
#2416=DIRECTION('',(0.E0,1.E0,0.E0));
#2417=DIRECTION('',(1.E0,0.E0,0.E0));
#2418=AXIS2_PLACEMENT_3D('',#2415,#2416,#2417);
#2419=CYLINDRICAL_SURFACE('',#2418,3.15E0);
#2420=ORIENTED_EDGE('',*,*,#1240,.F.);
#2422=ORIENTED_EDGE('',*,*,#2421,.T.);
#2423=ORIENTED_EDGE('',*,*,#1124,.T.);
#2425=ORIENTED_EDGE('',*,*,#2424,.F.);
#2426=EDGE_LOOP('',(#2420,#2422,#2423,#2425));
#2427=FACE_OUTER_BOUND('',#2426,.F.);
#2428=ADVANCED_FACE('',(#2427),#2419,.F.);
#2429=CARTESIAN_POINT('',(2.5E1,1.E1,1.25E1));
#2430=DIRECTION('',(0.E0,1.E0,0.E0));
#2431=DIRECTION('',(1.E0,0.E0,0.E0));
#2432=AXIS2_PLACEMENT_3D('',#2429,#2430,#2431);
#2433=CYLINDRICAL_SURFACE('',#2432,3.15E0);
#2434=ORIENTED_EDGE('',*,*,#1242,.F.);
#2435=ORIENTED_EDGE('',*,*,#2424,.T.);
#2436=ORIENTED_EDGE('',*,*,#1126,.T.);
#2437=ORIENTED_EDGE('',*,*,#2421,.F.);
#2438=EDGE_LOOP('',(#2434,#2435,#2436,#2437));
#2439=FACE_OUTER_BOUND('',#2438,.F.);
#2440=ADVANCED_FACE('',(#2439),#2433,.F.);
#2441=CARTESIAN_POINT('',(2.5E1,1.E1,-1.25E1));
#2442=DIRECTION('',(0.E0,1.E0,0.E0));
#2443=DIRECTION('',(1.E0,0.E0,0.E0));
#2444=AXIS2_PLACEMENT_3D('',#2441,#2442,#2443);
#2445=CYLINDRICAL_SURFACE('',#2444,3.15E0);
#2446=ORIENTED_EDGE('',*,*,#1222,.F.);
#2448=ORIENTED_EDGE('',*,*,#2447,.T.);
#2449=ORIENTED_EDGE('',*,*,#1130,.T.);
#2451=ORIENTED_EDGE('',*,*,#2450,.F.);
#2452=EDGE_LOOP('',(#2446,#2448,#2449,#2451));
#2453=FACE_OUTER_BOUND('',#2452,.F.);
#2454=ADVANCED_FACE('',(#2453),#2445,.F.);
#2455=CARTESIAN_POINT('',(2.5E1,1.E1,-1.25E1));
#2456=DIRECTION('',(0.E0,1.E0,0.E0));
#2457=DIRECTION('',(1.E0,0.E0,0.E0));
#2458=AXIS2_PLACEMENT_3D('',#2455,#2456,#2457);
#2459=CYLINDRICAL_SURFACE('',#2458,3.15E0);
#2460=ORIENTED_EDGE('',*,*,#1224,.F.);
#2461=ORIENTED_EDGE('',*,*,#2450,.T.);
#2462=ORIENTED_EDGE('',*,*,#1132,.T.);
#2463=ORIENTED_EDGE('',*,*,#2447,.F.);
#2464=EDGE_LOOP('',(#2460,#2461,#2462,#2463));
#2465=FACE_OUTER_BOUND('',#2464,.F.);
#2466=ADVANCED_FACE('',(#2465),#2459,.F.);
#2470=DIMENSIONAL_EXPONENTS(0.E0,0.E0,0.E0,0.E0,0.E0,0.E0,0.E0);
#2472=PLANE_ANGLE_MEASURE_WITH_UNIT(PLANE_ANGLE_MEASURE(1.745329251994E-2),
#2471);
#2473=(CONVERSION_BASED_UNIT('DEGREE',#2472)NAMED_UNIT(*)PLANE_ANGLE_UNIT());
#2475=UNCERTAINTY_MEASURE_WITH_UNIT(LENGTH_MEASURE(1.E-2),#2469,'closure',
'Maximum model space distance between geometric entities at asserted connectivities');
#2476=(GEOMETRIC_REPRESENTATION_CONTEXT(3)GLOBAL_UNCERTAINTY_ASSIGNED_CONTEXT((
#2475))GLOBAL_UNIT_ASSIGNED_CONTEXT((#2469,#2473,#2474))REPRESENTATION_CONTEXT(
'ID1','3'));
#2478=APPLICATION_CONTEXT(
'CONFIGURATION CONTROLLED 3D DESIGNS OF MECHANICAL PARTS AND ASSEMBLIES');
#2479=APPLICATION_PROTOCOL_DEFINITION('international standard',
'config_control_design',1994,#2478);
#2480=DESIGN_CONTEXT('',#2478,'design');
#2481=MECHANICAL_CONTEXT('',#2478,'mechanical');
#2482=PRODUCT('120001','120001','NOT SPECIFIED',(#2481));
#2483=PRODUCT_DEFINITION_FORMATION_WITH_SPECIFIED_SOURCE('7','LAST_VERSION',
#2482,.MADE.);
#2487=PRODUCT_CATEGORY('part','');
#2488=PRODUCT_RELATED_PRODUCT_CATEGORY('detail','',(#2482));
#2489=PRODUCT_CATEGORY_RELATIONSHIP('','',#2487,#2488);
#2490=SECURITY_CLASSIFICATION_LEVEL('unclassified');
#2491=SECURITY_CLASSIFICATION('','',#2490);
#2492=CC_DESIGN_SECURITY_CLASSIFICATION(#2491,(#2483));
#2493=APPROVAL_STATUS('approved');
#2494=APPROVAL(#2493,'');
#2495=CC_DESIGN_APPROVAL(#2494,(#2491,#2483,#2484));
#2496=CALENDAR_DATE(126,8,6);
#2497=COORDINATED_UNIVERSAL_TIME_OFFSET(8,0,.AHEAD.);
#2498=LOCAL_TIME(11,7,2.1E1,#2497);
#2499=DATE_AND_TIME(#2496,#2498);
#2500=APPROVAL_DATE_TIME(#2499,#2494);
#2501=DATE_TIME_ROLE('creation_date');
#2502=CC_DESIGN_DATE_AND_TIME_ASSIGNMENT(#2499,#2501,(#2484));
#2503=DATE_TIME_ROLE('classification_date');
#2504=CC_DESIGN_DATE_AND_TIME_ASSIGNMENT(#2499,#2503,(#2491));
#2505=PERSON('UNSPECIFIED','UNSPECIFIED',$,$,$,$);
#2506=ORGANIZATION('UNSPECIFIED','UNSPECIFIED','UNSPECIFIED');
#2507=PERSON_AND_ORGANIZATION(#2505,#2506);
#2508=APPROVAL_ROLE('approver');
#2509=APPROVAL_PERSON_ORGANIZATION(#2507,#2494,#2508);
#2510=PERSON_AND_ORGANIZATION_ROLE('creator');
#2511=CC_DESIGN_PERSON_AND_ORGANIZATION_ASSIGNMENT(#2507,#2510,(#2483,#2484));
#2512=PERSON_AND_ORGANIZATION_ROLE('design_supplier');
#2513=CC_DESIGN_PERSON_AND_ORGANIZATION_ASSIGNMENT(#2507,#2512,(#2483));
#2514=PERSON_AND_ORGANIZATION_ROLE('classification_officer');
#2515=CC_DESIGN_PERSON_AND_ORGANIZATION_ASSIGNMENT(#2507,#2514,(#2491));
#2516=PERSON_AND_ORGANIZATION_ROLE('design_owner');
#2517=CC_DESIGN_PERSON_AND_ORGANIZATION_ASSIGNMENT(#2507,#2516,(#2482));
#5=CIRCLE('',#4,3.15E0);
#10=CIRCLE('',#9,3.15E0);
#15=CIRCLE('',#14,3.15E0);
#20=CIRCLE('',#19,3.15E0);
#25=CIRCLE('',#24,3.15E0);
#30=CIRCLE('',#29,3.15E0);
#35=CIRCLE('',#34,3.15E0);
#40=CIRCLE('',#39,3.15E0);
#45=CIRCLE('',#44,3.15E0);
#50=CIRCLE('',#49,3.15E0);
#55=CIRCLE('',#54,3.15E0);
#60=CIRCLE('',#59,3.15E0);
#65=CIRCLE('',#64,3.15E0);
#70=CIRCLE('',#69,3.15E0);
#75=CIRCLE('',#74,3.15E0);
#80=CIRCLE('',#79,3.15E0);
#85=CIRCLE('',#84,1.E1);
#94=CIRCLE('',#93,1.E1);
#103=CIRCLE('',#102,1.E1);
#112=CIRCLE('',#111,1.E1);
#121=CIRCLE('',#120,3.15E0);
#130=CIRCLE('',#129,5.4E0);
#135=CIRCLE('',#134,5.4E0);
#140=CIRCLE('',#139,5.4E0);
#145=CIRCLE('',#144,5.4E0);
#150=CIRCLE('',#149,5.4E0);
#155=CIRCLE('',#154,5.4E0);
#160=CIRCLE('',#159,5.4E0);
#165=CIRCLE('',#164,5.4E0);
#170=CIRCLE('',#169,5.4E0);
#175=CIRCLE('',#174,5.4E0);
#180=CIRCLE('',#179,5.4E0);
#185=CIRCLE('',#184,5.4E0);
#190=CIRCLE('',#189,5.4E0);
#195=CIRCLE('',#194,5.4E0);
#200=CIRCLE('',#199,5.4E0);
#205=CIRCLE('',#204,5.4E0);
#214=CIRCLE('',#213,9.E0);
#219=CIRCLE('',#218,9.E0);
#224=CIRCLE('',#223,5.4E0);
#229=CIRCLE('',#228,5.4E0);
#234=CIRCLE('',#233,5.4E0);
#239=CIRCLE('',#238,5.4E0);
#244=CIRCLE('',#243,5.4E0);
#249=CIRCLE('',#248,5.4E0);
#254=CIRCLE('',#253,5.4E0);
#259=CIRCLE('',#258,5.4E0);
#264=CIRCLE('',#263,5.4E0);
#269=CIRCLE('',#268,5.4E0);
#274=CIRCLE('',#273,5.4E0);
#279=CIRCLE('',#278,5.4E0);
#284=CIRCLE('',#283,5.4E0);
#289=CIRCLE('',#288,5.4E0);
#294=CIRCLE('',#293,5.4E0);
#299=CIRCLE('',#298,5.4E0);
#304=CIRCLE('',#303,1.E1);
#313=CIRCLE('',#312,1.E1);
#322=CIRCLE('',#321,1.E1);
#331=CIRCLE('',#330,1.E1);
#340=CIRCLE('',#339,9.E0);
#349=CIRCLE('',#348,5.E-1);
#354=CIRCLE('',#353,5.E-1);
#359=CIRCLE('',#358,9.E0);
#372=CIRCLE('',#371,8.853553390593E0);
#377=CIRCLE('',#376,6.E0);
#382=CIRCLE('',#381,6.231260393129E0);
#387=CIRCLE('',#386,5.E-1);
#401=B_SPLINE_CURVE_WITH_KNOTS('',3,(#388,#389,#390,#391,#392,#393,#394,#395,
#396,#397,#398,#399,#400),.UNSPECIFIED.,.F.,.F.,(4,1,1,1,1,1,1,1,1,1,4),(0.E0,
1.E-1,2.E-1,3.E-1,4.E-1,5.E-1,6.E-1,7.E-1,8.E-1,9.E-1,1.E0),.UNSPECIFIED.);
#420=B_SPLINE_CURVE_WITH_KNOTS('',3,(#402,#403,#404,#405,#406,#407,#408,#409,
#410,#411,#412,#413,#414,#415,#416,#417,#418,#419),.UNSPECIFIED.,.F.,.F.,(4,1,1,
1,1,1,1,1,1,1,1,1,1,1,1,4),(0.E0,6.666666666667E-2,1.333333333333E-1,2.E-1,
2.666666666667E-1,3.333333333333E-1,4.E-1,4.666666666667E-1,5.333333333333E-1,
6.E-1,6.666666666667E-1,7.333333333333E-1,8.E-1,8.666666666667E-1,
9.333333333333E-1,1.E0),.UNSPECIFIED.);
#425=CIRCLE('',#424,4.999999999996E-1);
#430=CIRCLE('',#429,6.E0);
#444=B_SPLINE_CURVE_WITH_KNOTS('',3,(#431,#432,#433,#434,#435,#436,#437,#438,
#439,#440,#441,#442,#443),.UNSPECIFIED.,.F.,.F.,(4,1,1,1,1,1,1,1,1,1,4),(0.E0,
1.E-1,2.E-1,3.E-1,4.E-1,5.E-1,6.E-1,7.E-1,8.E-1,9.E-1,1.E0),.UNSPECIFIED.);
#463=B_SPLINE_CURVE_WITH_KNOTS('',3,(#445,#446,#447,#448,#449,#450,#451,#452,
#453,#454,#455,#456,#457,#458,#459,#460,#461,#462),.UNSPECIFIED.,.F.,.F.,(4,1,1,
1,1,1,1,1,1,1,1,1,1,1,1,4),(0.E0,6.666666666667E-2,1.333333333333E-1,2.E-1,
2.666666666667E-1,3.333333333333E-1,4.E-1,4.666666666667E-1,5.333333333333E-1,
6.E-1,6.666666666667E-1,7.333333333333E-1,8.E-1,8.666666666667E-1,
9.333333333333E-1,1.E0),.UNSPECIFIED.);
#468=CIRCLE('',#467,6.E0);
#473=CIRCLE('',#472,5.E-1);
#478=CIRCLE('',#477,6.231260766490E0);
#483=CIRCLE('',#482,6.231260393129E0);
#492=CIRCLE('',#491,8.853553390593E0);
#497=CIRCLE('',#496,4.999999999996E-1);
#502=CIRCLE('',#501,6.E0);
#516=B_SPLINE_CURVE_WITH_KNOTS('',3,(#503,#504,#505,#506,#507,#508,#509,#510,
#511,#512,#513,#514,#515),.UNSPECIFIED.,.F.,.F.,(4,1,1,1,1,1,1,1,1,1,4),(0.E0,
1.E-1,2.E-1,3.E-1,4.E-1,5.E-1,6.E-1,7.E-1,8.E-1,9.E-1,1.E0),.UNSPECIFIED.);
#535=B_SPLINE_CURVE_WITH_KNOTS('',3,(#517,#518,#519,#520,#521,#522,#523,#524,
#525,#526,#527,#528,#529,#530,#531,#532,#533,#534),.UNSPECIFIED.,.F.,.F.,(4,1,1,
1,1,1,1,1,1,1,1,1,1,1,1,4),(0.E0,6.666666666667E-2,1.333333333333E-1,2.E-1,
2.666666666667E-1,3.333333333333E-1,4.E-1,4.666666666667E-1,5.333333333333E-1,
6.E-1,6.666666666667E-1,7.333333333333E-1,8.E-1,8.666666666667E-1,
9.333333333333E-1,1.E0),.UNSPECIFIED.);
#544=CIRCLE('',#543,6.E0);
#562=B_SPLINE_CURVE_WITH_KNOTS('',3,(#549,#550,#551,#552,#553,#554,#555,#556,
#557,#558,#559,#560,#561),.UNSPECIFIED.,.F.,.F.,(4,1,1,1,1,1,1,1,1,1,4),(0.E0,
1.E-1,2.E-1,3.E-1,4.E-1,5.E-1,6.E-1,7.E-1,8.E-1,9.E-1,1.E0),.UNSPECIFIED.);
#581=B_SPLINE_CURVE_WITH_KNOTS('',3,(#563,#564,#565,#566,#567,#568,#569,#570,
#571,#572,#573,#574,#575,#576,#577,#578,#579,#580),.UNSPECIFIED.,.F.,.F.,(4,1,1,
1,1,1,1,1,1,1,1,1,1,1,1,4),(0.E0,6.666666666667E-2,1.333333333333E-1,2.E-1,
2.666666666667E-1,3.333333333333E-1,4.E-1,4.666666666667E-1,5.333333333333E-1,
6.E-1,6.666666666667E-1,7.333333333333E-1,8.E-1,8.666666666667E-1,
9.333333333333E-1,1.E0),.UNSPECIFIED.);
#586=CIRCLE('',#585,5.E-1);
#591=CIRCLE('',#590,5.5E0);
#596=CIRCLE('',#595,5.5E0);
#601=CIRCLE('',#600,5.E-1);
#606=CIRCLE('',#605,6.E0);
#611=CIRCLE('',#610,6.E0);
#624=CIRCLE('',#623,5.E-1);
#629=CIRCLE('',#628,5.5E0);
#634=CIRCLE('',#633,5.5E0);
#639=CIRCLE('',#638,5.E-1);
#736=CIRCLE('',#735,3.15E0);
#745=CIRCLE('',#744,3.15E0);
#754=CIRCLE('',#753,3.15E0);
#763=CIRCLE('',#762,3.15E0);
#772=CIRCLE('',#771,3.15E0);
#781=CIRCLE('',#780,3.15E0);
#790=CIRCLE('',#789,3.15E0);
#799=CIRCLE('',#798,3.15E0);
#808=CIRCLE('',#807,3.15E0);
#817=CIRCLE('',#816,3.15E0);
#826=CIRCLE('',#825,3.15E0);
#835=CIRCLE('',#834,3.15E0);
#844=CIRCLE('',#843,3.15E0);
#853=CIRCLE('',#852,3.15E0);
#862=CIRCLE('',#861,3.15E0);
#1076=EDGE_CURVE('',#1001,#1002,#85,.T.);
#1078=EDGE_CURVE('',#1001,#1024,#89,.T.);
#1080=EDGE_CURVE('',#1026,#1024,#94,.T.);
#1082=EDGE_CURVE('',#1026,#1018,#98,.T.);
#1084=EDGE_CURVE('',#1017,#1018,#103,.T.);
#1086=EDGE_CURVE('',#1017,#1010,#107,.T.);
#1088=EDGE_CURVE('',#1009,#1010,#112,.T.);
#1090=EDGE_CURVE('',#1009,#1002,#116,.T.);
#1094=EDGE_CURVE('',#877,#878,#15,.T.);
#1096=EDGE_CURVE('',#878,#877,#20,.T.);
#1100=EDGE_CURVE('',#881,#882,#25,.T.);
#1102=EDGE_CURVE('',#882,#881,#30,.T.);
#1106=EDGE_CURVE('',#885,#886,#35,.T.);
#1108=EDGE_CURVE('',#886,#885,#40,.T.);
#1112=EDGE_CURVE('',#889,#890,#45,.T.);
#1114=EDGE_CURVE('',#890,#889,#50,.T.);
#1118=EDGE_CURVE('',#893,#894,#55,.T.);
#1120=EDGE_CURVE('',#894,#893,#60,.T.);
#1124=EDGE_CURVE('',#897,#898,#65,.T.);
#1126=EDGE_CURVE('',#898,#897,#70,.T.);
#1130=EDGE_CURVE('',#901,#902,#75,.T.);
#1132=EDGE_CURVE('',#902,#901,#80,.T.);
#1136=EDGE_CURVE('',#873,#874,#5,.T.);
#1138=EDGE_CURVE('',#874,#873,#10,.T.);
#1148=EDGE_CURVE('',#969,#970,#121,.T.);
#1150=EDGE_CURVE('',#969,#873,#125,.T.);
#1153=EDGE_CURVE('',#970,#874,#740,.T.);
#1163=EDGE_CURVE('',#905,#906,#130,.T.);
#1165=EDGE_CURVE('',#906,#905,#135,.T.);
#1169=EDGE_CURVE('',#985,#986,#799,.T.);
#1171=EDGE_CURVE('',#986,#985,#808,.T.);
#1181=EDGE_CURVE('',#909,#910,#140,.T.);
#1183=EDGE_CURVE('',#910,#909,#145,.T.);
#1188=EDGE_CURVE('',#970,#969,#736,.T.);
#1198=EDGE_CURVE('',#913,#914,#150,.T.);
#1200=EDGE_CURVE('',#914,#913,#155,.T.);
#1204=EDGE_CURVE('',#973,#974,#745,.T.);
#1206=EDGE_CURVE('',#974,#973,#754,.T.);
#1216=EDGE_CURVE('',#917,#918,#160,.T.);
#1218=EDGE_CURVE('',#918,#917,#165,.T.);
#1222=EDGE_CURVE('',#997,#998,#853,.T.);
#1224=EDGE_CURVE('',#998,#997,#862,.T.);
#1234=EDGE_CURVE('',#921,#922,#170,.T.);
#1236=EDGE_CURVE('',#922,#921,#175,.T.);
#1240=EDGE_CURVE('',#993,#994,#835,.T.);
#1242=EDGE_CURVE('',#994,#993,#844,.T.);
#1252=EDGE_CURVE('',#925,#926,#180,.T.);
#1254=EDGE_CURVE('',#926,#925,#185,.T.);
#1258=EDGE_CURVE('',#977,#978,#763,.T.);
#1260=EDGE_CURVE('',#978,#977,#772,.T.);
#1270=EDGE_CURVE('',#929,#930,#190,.T.);
#1272=EDGE_CURVE('',#930,#929,#195,.T.);
#1276=EDGE_CURVE('',#981,#982,#781,.T.);
#1278=EDGE_CURVE('',#982,#981,#790,.T.);
#1288=EDGE_CURVE('',#933,#934,#200,.T.);
#1290=EDGE_CURVE('',#934,#933,#205,.T.);
#1294=EDGE_CURVE('',#989,#990,#817,.T.);
#1296=EDGE_CURVE('',#990,#989,#826,.T.);
#1306=EDGE_CURVE('',#937,#938,#224,.T.);
#1308=EDGE_CURVE('',#937,#905,#209,.T.);
#1311=EDGE_CURVE('',#938,#906,#643,.T.);
#1321=EDGE_CURVE('',#1004,#1006,#304,.T.);
#1323=EDGE_CURVE('',#1014,#1004,#308,.T.);
#1325=EDGE_CURVE('',#1012,#1014,#313,.T.);
#1327=EDGE_CURVE('',#1022,#1012,#317,.T.);
#1329=EDGE_CURVE('',#1020,#1022,#322,.T.);
#1331=EDGE_CURVE('',#1030,#1020,#326,.T.);
#1333=EDGE_CURVE('',#1028,#1030,#331,.T.);
#1335=EDGE_CURVE('',#1006,#1028,#335,.T.);
#1340=EDGE_CURVE('',#938,#937,#229,.T.);
#1344=EDGE_CURVE('',#941,#942,#234,.T.);
#1346=EDGE_CURVE('',#942,#941,#239,.T.);
#1350=EDGE_CURVE('',#945,#946,#244,.T.);
#1352=EDGE_CURVE('',#946,#945,#249,.T.);
#1356=EDGE_CURVE('',#949,#950,#254,.T.);
#1358=EDGE_CURVE('',#950,#949,#259,.T.);
#1362=EDGE_CURVE('',#953,#954,#264,.T.);
#1364=EDGE_CURVE('',#954,#953,#269,.T.);
#1368=EDGE_CURVE('',#957,#958,#274,.T.);
#1370=EDGE_CURVE('',#958,#957,#279,.T.);
#1374=EDGE_CURVE('',#961,#962,#284,.T.);
#1376=EDGE_CURVE('',#962,#961,#289,.T.);
#1380=EDGE_CURVE('',#965,#966,#294,.T.);
#1382=EDGE_CURVE('',#966,#965,#299,.T.);
#1386=EDGE_CURVE('',#869,#870,#214,.T.);
#1388=EDGE_CURVE('',#870,#869,#219,.T.);
#1398=EDGE_CURVE('',#1066,#1065,#340,.T.);
#1400=EDGE_CURVE('',#870,#1066,#363,.T.);
#1403=EDGE_CURVE('',#869,#1065,#344,.T.);
#1414=EDGE_CURVE('',#1065,#1069,#354,.T.);
#1416=EDGE_CURVE('',#1070,#1069,#492,.T.);
#1418=EDGE_CURVE('',#1066,#1070,#349,.T.);
#1428=EDGE_CURVE('',#1065,#1066,#359,.T.);
#1431=EDGE_CURVE('',#1069,#1070,#372,.T.);
#1454=EDGE_CURVE('',#1057,#1062,#382,.T.);
#1456=EDGE_CURVE('',#1069,#1057,#367,.T.);
#1459=EDGE_CURVE('',#1070,#1062,#487,.T.);
#1469=EDGE_CURVE('',#1038,#1036,#377,.T.);
#1471=EDGE_CURVE('',#1036,#1058,#473,.T.);
#1473=EDGE_CURVE('',#1057,#1058,#478,.T.);
#1476=EDGE_CURVE('',#1060,#1062,#387,.T.);
#1478=EDGE_CURVE('',#1060,#1038,#468,.T.);
#1489=EDGE_CURVE('',#1038,#1033,#401,.T.);
#1491=EDGE_CURVE('',#1033,#1036,#420,.T.);
#1558=EDGE_CURVE('',#1038,#1034,#425,.T.);
#1560=EDGE_CURVE('',#1034,#1033,#516,.T.);
#1646=EDGE_CURVE('',#1032,#1038,#463,.T.);
#1648=EDGE_CURVE('',#1032,#1034,#535,.T.);
#1659=EDGE_CURVE('',#1036,#1060,#430,.T.);
#1661=EDGE_CURVE('',#1036,#1032,#444,.T.);
#1675=EDGE_CURVE('',#1058,#1062,#483,.T.);
#1756=EDGE_CURVE('',#1036,#1031,#497,.T.);
#1758=EDGE_CURVE('',#1031,#1032,#562,.T.);
#1845=EDGE_CURVE('',#1033,#1031,#581,.T.);
#1856=EDGE_CURVE('',#1046,#1045,#502,.T.);
#1858=EDGE_CURVE('',#1033,#1045,#619,.T.);
#1862=EDGE_CURVE('',#1032,#1046,#539,.T.);
#1872=EDGE_CURVE('',#1054,#1053,#544,.T.);
#1874=EDGE_CURVE('',#1053,#1032,#548,.T.);
#1878=EDGE_CURVE('',#1054,#1033,#615,.T.);
#1888=EDGE_CURVE('',#1042,#1041,#596,.T.);
#1890=EDGE_CURVE('',#1041,#1045,#601,.T.);
#1893=EDGE_CURVE('',#1042,#1046,#586,.T.);
#1903=EDGE_CURVE('',#1041,#1042,#591,.T.);
#1916=EDGE_CURVE('',#1045,#1046,#606,.T.);
#1930=EDGE_CURVE('',#1053,#1054,#611,.T.);
#1942=EDGE_CURVE('',#1049,#1050,#629,.T.);
#1944=EDGE_CURVE('',#1050,#1054,#639,.T.);
#1947=EDGE_CURVE('',#1049,#1053,#624,.T.);
#1958=EDGE_CURVE('',#1050,#1049,#634,.T.);
#1993=EDGE_CURVE('',#941,#909,#647,.T.);
#1996=EDGE_CURVE('',#942,#910,#651,.T.);
#2019=EDGE_CURVE('',#945,#913,#655,.T.);
#2022=EDGE_CURVE('',#946,#914,#659,.T.);
#2045=EDGE_CURVE('',#949,#917,#663,.T.);
#2048=EDGE_CURVE('',#950,#918,#667,.T.);
#2071=EDGE_CURVE('',#953,#921,#671,.T.);
#2074=EDGE_CURVE('',#954,#922,#675,.T.);
#2097=EDGE_CURVE('',#957,#925,#679,.T.);
#2100=EDGE_CURVE('',#958,#926,#683,.T.);
#2123=EDGE_CURVE('',#961,#929,#687,.T.);
#2126=EDGE_CURVE('',#962,#930,#691,.T.);
#2149=EDGE_CURVE('',#965,#933,#695,.T.);
#2152=EDGE_CURVE('',#966,#934,#699,.T.);
#2175=EDGE_CURVE('',#1004,#1002,#703,.T.);
#2178=EDGE_CURVE('',#1006,#1001,#727,.T.);
#2190=EDGE_CURVE('',#1014,#1009,#707,.T.);
#2202=EDGE_CURVE('',#1012,#1010,#711,.T.);
#2216=EDGE_CURVE('',#1022,#1017,#715,.T.);
#2228=EDGE_CURVE('',#1020,#1018,#719,.T.);
#2242=EDGE_CURVE('',#1030,#1026,#723,.T.);
#2254=EDGE_CURVE('',#1028,#1024,#731,.T.);
#2291=EDGE_CURVE('',#973,#877,#749,.T.);
#2294=EDGE_CURVE('',#974,#878,#758,.T.);
#2317=EDGE_CURVE('',#977,#881,#767,.T.);
#2320=EDGE_CURVE('',#978,#882,#776,.T.);
#2343=EDGE_CURVE('',#981,#885,#785,.T.);
#2346=EDGE_CURVE('',#982,#886,#794,.T.);
#2369=EDGE_CURVE('',#985,#889,#803,.T.);
#2372=EDGE_CURVE('',#986,#890,#812,.T.);
#2395=EDGE_CURVE('',#989,#893,#821,.T.);
#2398=EDGE_CURVE('',#990,#894,#830,.T.);
#2421=EDGE_CURVE('',#993,#897,#839,.T.);
#2424=EDGE_CURVE('',#994,#898,#848,.T.);
#2447=EDGE_CURVE('',#997,#901,#857,.T.);
#2450=EDGE_CURVE('',#998,#902,#866,.T.);
#2467=CLOSED_SHELL('',(#1142,#1157,#1175,#1192,#1210,#1228,#1246,#1264,#1282,
#1300,#1315,#1392,#1407,#1422,#1436,#1448,#1463,#1482,#1495,#1564,#1653,#1667,
#1680,#1693,#1762,#1850,#1866,#1882,#1897,#1908,#1921,#1936,#1951,#1962,#1974,
#1986,#2000,#2012,#2026,#2038,#2052,#2064,#2078,#2090,#2104,#2116,#2130,#2142,
#2156,#2168,#2182,#2195,#2208,#2221,#2234,#2247,#2260,#2272,#2284,#2298,#2310,
#2324,#2336,#2350,#2362,#2376,#2388,#2402,#2414,#2428,#2440,#2454,#2466));
#2468=MANIFOLD_SOLID_BREP('',#2467);
#2469=(LENGTH_UNIT()NAMED_UNIT(*)SI_UNIT(.MILLI.,.METRE.));
#2471=(NAMED_UNIT(*)PLANE_ANGLE_UNIT()SI_UNIT($,.RADIAN.));
#2474=(NAMED_UNIT(*)SI_UNIT($,.STERADIAN.)SOLID_ANGLE_UNIT());
#2477=ADVANCED_BREP_SHAPE_REPRESENTATION('',(#2468),#2476);
#2484=PRODUCT_DEFINITION('design','',#2483,#2480);
#2485=PRODUCT_DEFINITION_SHAPE('','SHAPE FOR 120001.',#2484);
#2486=SHAPE_DEFINITION_REPRESENTATION(#2485,#2477);
ENDSEC;
END-ISO-10303-21;
